2016-05-10,12.0,12.0,9.36,9.98,1317.90274007
2016-06-10,14.65,14.7,14.57,14.65,1918.26127858
2016-06-11,14.19,14.26,13.76,13.91,6847.46856885
2016-06-12,13.93,14.29,13.86,14.1,7331.34578331
2016-06-13,14.14,15.91,13.92,15.58,19734.45265233
2016-06-14,15.91,17.93,15.49,17.89,24139.28308106
2016-06-15,17.86,19.08,16.96,18.79,35354.00175853
2016-06-16,18.79,18.81,17.89,18.42,13621.14209581
2016-06-17,18.51,21.35,18.5,20.99,34254.40154851
2016-06-18,20.99,22.0,13.75,15.65,120860.82295446
2016-06-19,15.64,15.74,10.0,11.64,76515.18235434
2016-06-20,11.55,13.4,10.72,12.35,28851.00195531
2016-06-21,12.35,12.74,10.8,11.81,33381.01156483
2016-06-22,11.44,13.89,11.2,13.89,32061.41064345
2016-06-23,13.3,15.89,13.07,13.18,68057.88469055
2016-06-24,13.18,14.5,12.68,13.81,34353.29319793
2016-06-25,13.98,14.69,13.25,14.55,21277.8132439
2016-06-26,14.55,14.74,14.0,14.37,10302.71187563
2016-06-27,14.39,14.49,13.6,14.02,7396.2107385
2016-06-28,14.0,14.59,13.85,14.1,10078.63738047
2016-06-29,14.06,14.25,11.52,12.23,42387.67810322
2016-06-30,12.16,13.13,11.62,12.74,25997.64756834
2016-07-01,12.7,13.06,12.19,12.49,12663.14580924
2016-07-02,12.48,12.54,11.8,12.34,19205.4897143
2016-07-03,12.28,12.45,12.0,12.09,11840.96985278
2016-07-04,12.16,12.16,11.65,12.02,11731.40355589
2016-07-05,11.94,11.99,11.41,11.48,5531.20751893
2016-07-06,11.45,11.48,9.31,10.6,34511.7068254
2016-07-07,10.6,11.0,10.24,10.61,14275.48001113
2016-07-08,10.6,10.7,9.75,10.08,21326.77616712
2016-07-09,10.08,11.8,10.05,11.43,27592.23402419
2016-07-10,11.39,11.57,10.68,11.01,9083.5261648
2016-07-11,11.02,11.3,10.9,11.02,9641.86476908
2016-07-12,11.0,11.16,10.11,10.72,11107.71792781
2016-07-13,10.65,10.98,10.5,10.57,13923.53770765
2016-07-14,10.58,10.65,10.49,10.49,5528.53520559
2016-07-15,10.5,11.78,10.33,11.62,25186.1631715
2016-07-16,11.56,12.75,11.4,11.99,24310.41873758
2016-07-17,11.98,12.4,11.79,11.8,7835.09442747
2016-07-18,11.81,11.92,11.02,11.33,12640.65466527
2016-07-19,11.27,11.93,11.0,11.05,14252.84312825
2016-07-20,11.08,11.98,11.07,11.75,7847.98405008
2016-07-21,11.7,13.0,11.22,12.5,39972.64055705
2016-07-22,12.53,13.09,12.1,12.76,72230.25972963
2016-07-23,12.76,15.11,12.73,14.83,199021.78612215
2016-07-24,14.99,15.39,14.0,14.52,115664.85905823
2016-07-25,14.52,14.57,12.05,12.78,140551.75773818
2016-07-26,12.71,14.01,12.61,13.91,102002.13638217
2016-07-27,13.93,13.95,11.88,12.0,164413.45874684
2016-07-28,12.0,13.4,11.75,13.1,109135.60866291
2016-07-29,13.1,13.14,12.53,12.93,65364.34924125
2016-07-30,12.93,12.95,12.57,12.84,53389.79079822
2016-07-31,12.84,12.88,12.49,12.49,38688.56312304
2016-08-01,12.49,12.67,11.61,12.3,51314.64244844
2016-08-04,9.56,10.78,9.43,10.68,69219.44200884
2016-08-05,10.6,11.55,10.42,11.32,98950.55216569
2016-08-06,11.3,11.4,10.81,11.18,46726.82709305
2016-08-07,11.18,11.18,10.42,11.01,34961.5442009
2016-08-08,11.0,11.25,10.84,10.99,30028.11714241
2016-08-09,10.99,11.42,10.94,11.34,30910.51272975
2016-08-10,11.33,12.48,11.24,12.28,84417.44258041
2016-08-11,12.28,12.91,11.87,12.21,146626.25933812
2016-08-12,12.22,12.39,11.6,11.73,54926.88562361
2016-08-13,11.73,12.08,11.65,11.81,30677.55295917
2016-08-14,11.8,11.86,11.54,11.61,28353.80718244
2016-08-15,11.61,11.76,11.2,11.28,25765.64425382
2016-08-16,11.28,11.52,11.02,11.3,33109.31343517
2016-08-17,11.3,11.38,11.0,11.18,50785.47337219
2016-08-18,11.18,11.26,10.69,10.82,39860.52550069
2016-08-19,10.82,11.06,10.76,10.77,35780.28669056
2016-08-20,10.77,10.86,10.65,10.77,29085.90699395
2016-08-21,10.77,11.37,10.7,11.3,35237.83119915
2016-08-22,11.3,11.3,10.98,11.21,17991.20253784
2016-08-23,11.17,11.34,11.04,11.1,36193.20960129
2016-08-24,11.1,11.2,10.85,11.0,32534.68774417
2016-08-25,11.0,11.16,10.98,11.01,24028.11262635
2016-08-26,11.01,11.35,10.99,11.34,28931.96029963
2016-08-27,11.34,11.47,11.2,11.28,27315.07630676
2016-08-28,11.27,11.28,11.17,11.18,19819.1825905
2016-08-29,11.18,11.19,10.97,11.01,18597.57337445
2016-08-30,11.01,11.16,10.8,10.95,31692.28420368
2016-08-31,10.95,11.25,10.95,11.21,26081.39591608
2016-09-01,11.21,11.7,11.09,11.7,37459.19904055
2016-09-02,11.66,12.5,11.57,12.05,86923.53623039
2016-09-03,12.04,12.35,11.95,12.15,40624.95260066
2016-09-04,12.15,12.47,11.6,11.88,37685.4071003
2016-09-05,11.84,11.88,11.54,11.77,19073.27497774
2016-09-06,11.77,11.84,11.62,11.76,14082.01283621
2016-09-07,11.75,11.76,11.5,11.71,27155.23259948
2016-09-08,11.75,11.9,11.53,11.58,33512.36863088
2016-09-09,11.55,11.7,11.31,11.39,31908.20569522
2016-09-10,11.39,11.69,11.34,11.64,21564.69540449
2016-09-11,11.64,12.21,11.55,12.21,20050.67411838
2016-09-12,12.2,12.21,11.6,11.65,25284.19288293
2016-09-13,11.64,11.95,11.64,11.86,20563.86776624
2016-09-14,11.87,12.08,11.84,11.92,29471.42629322
2016-09-15,11.92,12.03,11.8,11.91,24195.98950177
2016-09-16,11.91,12.1,11.91,11.96,22955.44035827
2016-09-17,11.95,12.76,11.86,12.58,56290.86301989
2016-09-18,12.58,12.99,12.41,12.79,33762.67691171
2016-09-19,12.8,12.98,12.33,12.64,55526.08020005
2016-09-20,12.64,13.2,12.61,13.17,37963.90128102
2016-09-21,13.18,15.25,13.1,14.56,103256.24414717
2016-09-22,14.98,15.2,13.16,13.76,86829.91833992
2016-09-23,13.77,13.77,12.33,13.2,69158.51094682
2016-09-24,13.21,13.45,13.14,13.37,25435.93131045
2016-09-25,13.37,13.41,12.62,12.97,36744.51623709
2016-09-26,12.96,13.18,12.8,13.12,19609.30272338
2016-09-27,13.14,13.15,12.83,12.84,23315.08236115
2016-09-28,12.85,13.25,12.85,13.09,28030.75843558
2016-09-29,13.09,13.58,13.09,13.32,43267.65943128
2016-09-30,13.31,13.39,13.1,13.11,36907.16255685
2016-10-01,13.11,13.39,13.08,13.23,33018.43006697
2016-10-02,13.23,13.31,13.09,13.22,32857.12250033
2016-10-03,13.23,13.31,13.19,13.28,20487.3243321
2016-10-04,13.29,13.56,13.25,13.51,36084.40484462
2016-10-05,13.52,13.58,13.24,13.32,54536.20219442
2016-10-06,13.34,13.45,13.08,13.09,36972.42755302
2016-10-07,13.09,13.18,12.68,12.86,48476.08066793
2016-10-08,12.88,13.08,12.5,12.7,53435.17624298
2016-10-09,12.7,12.74,12.06,12.26,33575.16553442
2016-10-10,12.22,12.43,12.02,12.1,24643.27120188
2016-10-11,12.1,12.18,11.62,11.78,48881.85295965
2016-10-12,11.78,12.24,11.7,11.77,37428.62847419
2016-10-13,11.77,12.11,11.68,11.92,35966.20680253
2016-10-14,11.92,12.11,11.72,11.87,33276.00647592
2016-10-15,11.88,12.07,11.84,11.92,36386.94383852
2016-10-16,11.91,11.97,11.78,11.95,21325.87373761
2016-10-17,11.96,12.05,11.9,11.95,16434.51951062
2016-10-18,11.95,12.03,11.83,11.96,39724.9391765
2016-10-19,11.96,12.94,11.95,12.54,68834.93651877
2016-10-20,12.55,12.66407,11.88,12.01,58814.08880957
2016-10-21,12.01,12.29709,11.92,12.06,39029.569064
2016-10-22,12.07,12.1781,11.96,12.05,24876.2494194
2016-10-23,12.05,12.28995,11.87,12.03,32268.6098438
2016-10-24,12.04,12.27665,11.87,11.94,27415.59172545
2016-10-25,11.93,12.09,11.89,11.92,28965.3448059
2016-10-26,11.91,11.9628,11.05,11.33,121655.07930986
2016-10-27,11.32,11.7,11.29661,11.49,49568.61274283
2016-10-28,11.49,11.57,11.16,11.48,51642.90147765
2016-10-29,11.49,11.65579,10.91054,11.13,75150.74132286
2016-10-30,11.14,11.35,9.23786,10.42966,158853.17478154
2016-10-31,10.45,11.45,10.20921,11.19,67417.97316074
2016-11-01,11.2,12.0,10.85,10.97,67069.13155378
2016-11-02,10.97,11.24,10.35,10.84,115812.62097045
2016-11-03,10.84,11.19603,10.70167,10.83,76790.3110709
2016-11-04,10.82,11.14997,10.7,10.87,81628.70218244
2016-11-05,10.87,11.22778,10.81,11.15,49578.6541497
2016-11-06,11.16,11.247,10.99971,11.16,28395.85781031
2016-11-07,11.16,11.22987,10.92,11.01,29404.97243787
2016-11-08,11.01,11.06,10.81547,10.88468,43018.62256554
2016-11-09,10.88468,11.04028,10.8,10.84,62780.71185516
2016-11-10,10.83,10.8826,10.20222,10.62,102154.45804448
2016-11-11,10.64,10.72307,10.44,10.51,32549.18895743
2016-11-12,10.51,10.72,10.16,10.29,53407.15303322
2016-11-13,10.29,10.36544,9.56002,9.95,76539.99185298
2016-11-14,9.92,10.41,9.78771,10.14,52238.13620232
2016-11-15,10.13,10.19,9.84,10.02,41625.54471323
2016-11-16,10.0,10.3726,9.81,10.27,46266.48984301
2016-11-17,10.27,10.42,9.82,10.0,63579.17483196
2016-11-18,10.0,10.21859,9.8,9.91,63252.98116853
2016-11-19,9.9,10.0629,9.40036,9.51,80881.16745434
2016-11-20,9.51,9.78,9.45,9.68,37115.76086164
2016-11-21,9.69,9.78,9.5,9.6,34146.53376888
2016-11-22,9.58,9.66999,9.41,9.54,39078.86228552
2016-11-23,9.53,10.3,9.49,9.87,64747.66392493
2016-11-24,9.87,9.93496,9.70083,9.8,27581.46540937
2016-11-25,9.8,9.82,8.67149,9.18,121211.21525935
2016-11-26,9.2173,9.78879,9.16,9.56,24916.13386411
2016-11-28,9.02,9.21,8.6,8.98,74675.73657192
2016-11-29,8.97,9.04919,8.45,8.67695,71592.43681369
2016-11-30,8.6759,8.72,7.79,8.14,149454.90496219
2016-12-01,8.14,8.75,8.00005,8.61,108090.64943319
2016-12-02,8.59,8.68,8.21146,8.45,57432.15056476
2016-12-03,8.46,8.46,7.27,7.73,174573.94641046
2016-12-04,7.73,8.14033,7.34,7.86,90502.06226441
2016-12-05,7.87,7.92,7.35,7.37,61172.69068898
2016-12-06,7.39,7.65,6.55152,6.75,139956.09273525
2016-12-07,6.76,7.99,5.92005,7.83,312112.75332319
2016-12-08,7.76541,8.6,7.27152,8.35,131644.85688399
2016-12-09,8.35,8.95,8.19899,8.19899,118322.62500055
2016-12-10,8.21,8.65,7.97,8.47,104604.89002447
2016-12-11,8.46,8.65999,8.01,8.14,69924.05310407
2016-12-12,8.14,8.27149,8.07963,8.23,29289.19391064
2016-12-13,8.23,8.62,8.13379,8.52,75373.51098901
2016-12-14,8.53,8.57,8.25673,8.41,51057.6329167
2016-12-15,8.4,8.5,8.19,8.24,49649.26039314
2016-12-16,8.23,8.33,7.64,7.83,117451.79509667
2016-12-17,7.85,7.95,7.75013,7.84,45343.44741168
2016-12-18,7.84,7.94899,7.50347,7.85,57371.68544757
2016-12-19,7.84,7.97,7.69,7.8803,43143.72507072
2016-12-20,7.92,7.95,7.57,7.61649,57453.8684013
2016-12-21,7.65,7.77469,7.5205,7.65411,43098.1143861
2016-12-22,7.64,7.98554,7.60004,7.91,70828.31556881
2016-12-23,7.93,7.95,7.5,7.55,123563.41806015
2016-12-24,7.54,7.67,7.01,7.13,133028.65865356
2016-12-25,7.14,7.49495,7.08,7.26,41722.05024786
2016-12-26,7.23,7.34,7.12,7.19,32586.53647878
2016-12-27,7.18,7.33,7.01012,7.26,36124.08194039
2016-12-28,7.23,7.37,7.05,7.16,54942.76531941
2016-12-29,7.15,7.73443,7.04,7.62,140452.2323191
2016-12-30,7.6,8.5624,7.57997,8.29,262056.03824702
2016-12-31,8.3,8.52,8.01,8.21,104988.02407869
2017-01-01,8.2,8.29,7.94881,8.16,62098.17071295
2017-01-02,8.16,8.6,8.05109,8.18,88590.88224765
2017-01-03,8.2,8.53,8.05,8.38,92323.27654184
2017-01-04,8.38,10.09948,8.24,9.59,262488.04164057
2017-01-05,9.62,11.17,9.34,11.17,366038.96288941
2017-01-06,11.13,11.8,9.08,10.31859,497150.48606529
2017-01-07,10.23,10.5,9.5,10.14,217699.83756367
2017-01-08,10.14,10.21,9.54024,9.92,90981.37852226
2017-01-09,9.92,10.58,9.76164,10.5,90412.87995585
2017-01-10,10.43,10.45,10.43,10.45,173.14973
2017-01-11,10.44,10.72,10.44,10.65,373.8161551
2017-01-12,10.66,10.74,9.59,9.6,765.795596
2017-01-13,9.34,9.42,9.34,9.42,105.94303
2017-01-14,9.72648,9.81939,9.59,9.7978,9736.12924834
2017-01-15,9.79999,9.89999,9.60162,9.60165,5109.81497106
2017-01-16,9.6658,9.8823,9.66065,9.79079,4696.39046914
2017-01-17,9.76,9.87164,9.59111,9.6081,6762.38572239
2017-01-18,9.61999,10.688,9.61,10.23208,94367.62437639
2017-01-19,10.344,10.5,9.9,10.35,46755.34718016
2017-01-20,10.34624,10.6,10.2,10.44988,23333.86986506
2017-01-21,10.421,10.79221,10.25,10.62001,33524.61919808
2017-01-22,10.65,11.0,10.57079,10.92204,20455.99327515
2017-01-23,10.92154,11.0,10.5393,10.78807,16494.31155569
2017-01-24,10.671,11.1971,10.6148,10.80851,24204.45692572
2017-01-25,10.77942,10.77973,10.45063,10.5,16988.98674271
2017-01-26,10.60643,10.667,10.41046,10.50829,12954.78536711
2017-01-27,10.5138,10.691,10.44092,10.54,11243.53930326
2017-01-28,10.51784,10.6532,10.38,10.58636,23001.78813513
2017-01-29,10.5741,10.59996,10.4,10.5254,6204.94558779
2017-01-30,10.52,10.54819,10.40754,10.43361,2087.5595765
2017-01-31,10.46999,10.72889,10.42001,10.43574,15649.95732869
2017-02-01,10.56,10.77419,10.49314,10.66911,12666.29321865
2017-02-02,10.75997,10.7999,10.5279,10.59066,24493.71463415
2017-02-03,10.6548,10.8596,10.56206,10.7705,12651.58883304
2017-02-04,10.7705,10.98073,10.56124,10.98073,23966.94176842
2017-02-05,10.99745,11.46718,10.99745,11.34979,34049.21795896
2017-02-06,11.26771,11.37499,11.14,11.25399,8012.67324483
2017-02-07,11.217,11.36,11.17423,11.3,10083.6347535
2017-02-08,11.27834,11.54298,11.278,11.51,33313.08216951
2017-02-09,11.51,11.65,11.106,11.41,108833.01749707
2017-02-10,11.41,11.54,10.4893,11.02,176164.97800291
2017-02-11,11.02,11.48,10.804,11.43,91432.94814809
2017-02-12,11.44,11.52,11.25,11.52,62059.13816252
2017-02-13,11.51,11.54,11.24821,11.5,32742.22584628
2017-02-14,11.5,11.54,11.15677,11.43,60974.67842147
2017-02-15,11.42,14.7,11.38173,13.14,383811.73954486
2017-02-16,13.16,13.2,12.60343,12.98,148180.39637516
2017-02-17,12.98001,13.03,12.49,12.9,147044.95441974
2017-02-18,12.92,12.95,12.66963,12.75,106773.69648664
2017-02-19,12.77,12.93,12.70002,12.89,55421.2475128
2017-02-20,12.87,12.95,12.69,12.9,40385.4229351
2017-02-21,12.7813,12.95,12.43,12.47,93575.26280873
2017-02-22,12.43,12.87,12.2288,12.78238,124468.98693219
2017-02-23,12.83,12.99,12.62623,12.75,99249.94180012
2017-02-24,12.74,13.37,12.6272,13.21,131491.57573187
2017-02-25,13.22,13.33,12.56,13.2,187238.21172944
2017-02-26,13.18,13.87,13.00003,13.65,129527.60184023
2017-02-27,13.64,14.84,13.33035,14.74,182364.5233249
2017-02-28,14.74,16.32,14.25,15.66,286121.17403466
2017-03-01,15.66,16.94,15.01231,15.63,471418.33622779
2017-03-02,15.62999,17.58,15.45281,17.37,333527.65256144
2017-03-03,17.46,19.99,16.05,18.9871,540960.25050758
2017-03-04,19.27,21.49,16.75,19.68,601207.81426283
2017-03-05,19.36785,20.4,18.35273,18.65,196447.89247394
2017-03-06,18.65,19.47037,17.9,19.4,169637.49112481
2017-03-07,19.39,20.24,18.8,19.68,189056.90765016
2017-03-08,19.68,19.78522,18.35001,18.96,225724.42619237
2017-03-09,18.96,18.96,16.4,16.4,361055.83744352
2017-03-10,16.66,18.29,15.56,17.82,291240.39262256
2017-03-11,17.81,19.75847,15.9,19.2,548049.03505857
2017-03-12,19.21,21.89,18.65007,21.64,345722.76503888
2017-03-13,21.67,24.25,20.9999,23.39,385927.97831793
2017-03-14,23.38,31.1,23.16007,28.64,950287.53081082
2017-03-15,28.63,30.0,26.401,28.69,323336.43839005
2017-03-16,28.69,35.86,28.00021,35.65,511551.61357212
2017-03-17,35.66,47.03,34.7467,44.89,802189.22138529
2017-03-18,45.97,57.67,35.0,44.62,946805.83818733
2017-03-19,42.52957,45.0,30.30025,33.66,766864.11448969
2017-03-20,34.03,45.64,32.51373,43.21,599859.63155098
2017-03-21,43.05,45.25,40.21,42.31,299123.61744677
2017-03-22,42.38,43.68,41.02229,42.48308,199587.11036025
2017-03-23,42.38,42.69665,37.6,41.37,266811.93491709
2017-03-24,41.33,44.0,40.0,42.99,227090.21414636
2017-03-25,42.92,53.44,42.5,51.99,546883.76811817
2017-03-26,52.93,53.4,46.7,50.5,403032.9928512
2017-03-27,49.99934,51.5,47.90001,50.73,178003.33618361
2017-03-28,50.74,51.71,48.05,48.97,211184.25179633
2017-03-29,48.97,50.49999,48.11111,50.23688,203103.74709172
2017-03-30,50.23639,53.97999,50.0,53.1,326280.61545334
2017-03-31,53.11,54.97531,51.10001,51.88,174962.04996129
2017-04-01,51.86,52.41,46.60152,50.18,321837.72383489
2017-04-02,50.17,51.85,48.56928,50.71,117874.57295067
2017-04-03,50.72,51.2713,47.38002,48.74,195688.96225754
2017-04-04,48.32507,48.97,42.39,44.25,410122.85394968
2017-04-05,44.33,46.25,41.18512,44.47,282378.26471557
2017-04-06,44.45,47.63,44.025,44.79,197679.9726053
2017-04-07,44.97,45.97,41.01,43.4099,212998.22387908
2017-04-08,43.31,44.8092,41.57,42.32,122779.56564479
2017-04-09,42.32,45.79999,42.07233,44.45,104672.3588285
2017-04-10,44.30502,44.99963,42.72,43.92,76305.34882111
2017-04-11,43.92,44.79949,42.1,43.92,90942.79091811
2017-04-12,43.92,44.601,43.52,43.83,67253.53879235
2017-04-13,43.84,47.94816,42.72,46.48,166794.3743084
2017-04-14,46.48,51.11,46.19999,49.78,234384.76341273
2017-04-15,49.86001,50.0156,46.52,47.2,118623.75854046
2017-04-16,47.19,74.98,46.78,48.94,56272.63315355
2017-04-17,48.93,49.25,47.5,48.13,48179.61237846
2017-04-18,48.19,48.98004,47.5,47.94,72892.55138165
2017-04-19,47.94,50.7348,47.61293,49.79,119260.41211958
2017-04-20,49.85,50.44879,45.27637,48.0,132457.25469645
2017-04-21,48.00001,49.55,47.25802,49.39,121099.32388597
2017-04-22,49.39,49.49,48.0,48.37,98166.33405026
2017-04-23,48.38,49.08,47.5,48.61,70973.31264078
2017-04-24,48.20005,49.0,47.60001,48.50386,67712.10711908
2017-04-25,48.95,50.44,48.40015,50.12,118987.18648578
2017-04-26,50.11,50.75,49.55001,50.31,100169.04991263
2017-04-27,50.28,54.85,49.80094,53.42,251475.47138375
2017-04-28,53.4,63.99,52.01098,63.67,405095.92338792
2017-04-29,62.59071,74.9,61.12194,73.14,548647.59047728
2017-04-30,73.17,74.89,66.31,68.775,293376.62193972
2017-05-01,68.81881,82.9,68.3423,80.81,334534.08954953
2017-05-02,78.36667,85.21,70.00001,74.39977,561931.30250581
2017-05-03,79.05,83.07,73.08669,77.55,264164.92191462
2017-05-04,77.55,81.4,75.23876,81.29,278302.95023148
2017-05-05,81.19,96.66,79.50001,95.97,480053.55681018
2017-05-06,95.98,98.98,85.00002,89.8994,365638.45838194
2017-05-07,91.94,96.42,89.01234,92.80645,149739.60342162
2017-05-08,95.74,97.95,26.0,87.4,302607.72465016
2017-05-09,87.4,94.74,70.0,87.08,335443.93626162
2017-05-10,89.25,90.08,73.15,86.97999,384005.58732276
2017-05-11,86.77,91.98,85.39,88.36,185754.57717883
2017-05-12,88.36,90.99,86.50008,88.3,148529.22714302
2017-05-13,88.3,90.3,82.2,85.2,189793.75013193
2017-05-14,85.21,88.88,81.74761,88.42,128344.14649053
2017-05-15,88.06949,90.0,85.0,89.4,82087.81863883
2017-05-16,89.42,94.7,87.99,91.0,182672.28468661
2017-05-17,91.0,92.78199,87.08,87.97,170656.57782363
2017-05-18,87.97,89.98,82.5,86.88,201221.47848877
2017-05-19,86.88,96.485,86.5,96.2,253300.59450745
2017-05-20,96.08999,129.98,95.99994,125.14,669684.52740729
2017-05-21,125.04,129.34,119.56251,123.63,279249.73535314
2017-05-22,122.21001,148.97,121.13931,145.25,424946.84050481
2017-05-23,145.29998,184.22,131.22,155.6,842368.95683702
2017-05-24,160.36,177.9,150.10008,166.94998,348610.94411987
2017-05-25,169.9,202.0,166.00202,185.2399,489136.02529355
2017-05-26,185.23998,217.85,160.09114,168.00011,622404.61624723
2017-05-27,181.4,199.99,140.0,163.8,557397.13858523
2017-05-28,163.78,172.0,110.0,151.61111,661158.31532768
2017-05-29,151.61111,185.0,151.00048,168.28644,321989.14184447
2017-05-30,168.28664,199.0,160.0,193.30207,289004.53938167
2017-05-31,193.03443,233.09,185.0,226.10699,592081.9901189
2017-06-01,228.67,235.0,206.41,229.14,492342.3211882
2017-06-02,229.15,238.97,206.02,219.00102,468312.11495236
2017-06-03,219.48722,229.75,215.5,221.96,216628.76191523
2017-06-04,221.89,227.5,218.56,224.95,138603.04319822
2017-06-05,224.95,249.99,223.0,245.5,300639.41331863
2017-06-06,245.48,249.69793,241.0,248.0,189898.03131447
2017-06-07,247.99,269.36,244.6,264.22,404521.36691729
2017-06-08,263.6,265.63,244.00001,255.68,265707.32437789
2017-06-09,255.81184,262.0,250.0,260.23792,176838.68339978
2017-06-10,258.64,279.93299,258.63,279.38,241056.19481057
2017-06-11,279.39,358.46,278.03,326.0,524492.51904482
2017-06-12,340.13,355.0,304.89,347.03,291170.60171947
2017-06-13,369.53,420.0,305.0,385.0,580734.64169876
2017-06-14,384.99002,400.0,357.0,388.0,340111.41317324
2017-06-15,388.0,394.47,315.0,341.7,506366.40297139
2017-06-16,341.7,356.29,253.0,345.987,997588.37468502
2017-06-17,345.0001,364.0,314.0,354.26,343590.94859873
2017-06-18,354.26,369.9,341.65,368.9527,191580.77958126
2017-06-19,368.99,381.66,339.0,349.5,227178.22630832
2017-06-20,351.91,362.5,345.96819,356.47989,149980.0336389
2017-06-21,358.71,365.987,306.99981,350.94,284510.66611228
2017-06-22,348.49998,353.12,13.0,324.47996,431714.777278
2017-06-23,324.47996,336.0,305.0,321.60076,195981.57264543
2017-06-24,320.02,332.95,316.443,325.49642,108247.24677035
2017-06-25,325.49636,330.7,295.55,304.5,169954.96669863
2017-06-26,304.53,310.0,250.022,277.00018,368809.74405948
2017-06-27,278.49,293.0,203.0,252.99,819053.70962247
2017-06-28,252.97,288.51,208.75113,283.66,671173.47740561
2017-06-29,287.27,324.5,260.0,315.32,569799.29821713
2017-06-30,315.32,323.9025,285.0,292.95,305275.65032602
2017-07-01,292.95,306.5,267.5,280.04,333945.79707208
2017-07-02,280.03,281.98,250.56,256.0,290050.13872515
2017-07-03,263.12,294.75449,250.0,284.0,304342.9554076
2017-07-04,285.0,286.51364,271.00001,276.37,183398.34917497
2017-07-05,276.10003,284.42598,262.11819,269.2,156014.6662616
2017-07-06,269.18,277.45,252.67,266.27,243475.40263891
2017-07-07,266.27,276.0,261.00001,266.48998,124854.81941307
2017-07-08,266.48999,266.99997,235.01,241.28,261543.42961136
2017-07-09,241.28,249.5,230.00002,245.0,230490.4826831
2017-07-10,246.65,253.31,235.0,238.77,106496.2296108
2017-07-11,238.4,240.33,185.39,202.86,565351.34479004
2017-07-12,201.65,216.5,173.02,190.57,808582.50080183
2017-07-13,190.57,229.0,180.5,224.04,597674.22719321
2017-07-14,224.01,227.09899,192.13,204.79751,345321.85927409
2017-07-15,205.01,206.99,183.1111,197.23,341138.90346933
2017-07-16,197.23,199.0,167.0,168.6,402389.51242296
2017-07-17,168.22,172.3,130.26,155.65,957822.33168479
2017-07-18,155.69,191.5,153.25,188.72,905952.85920615
2017-07-19,190.87,271.4,176.51,228.0,1271034.17556931
2017-07-20,227.01,246.0,185.3,194.74,1087737.89265089
2017-07-21,193.5,237.0,193.00011,226.06,881757.3080865
2017-07-22,226.23,239.0,208.5,216.0,409475.46116258
2017-07-23,216.0,237.67,214.306,230.13475,232597.13207331
2017-07-24,230.69,235.0,220.12,229.85,176978.19745378
2017-07-25,228.27,231.89994,224.0,225.8,110800.39634613
2017-07-26,225.38302,226.59,191.71,204.0,561761.48516979
2017-07-27,203.78,209.89,193.21,202.21011,333410.13972835
2017-07-28,203.24,205.59999,198.64196,202.94,203275.59448703
2017-07-29,202.95,204.38997,188.46,191.5451,267520.82655657
2017-07-30,190.99,210.27791,177.8,205.88,446034.21516273
2017-07-31,207.14458,210.99998,193.26,196.95,193270.06467687
2017-08-01,196.95,203.0,190.19,200.82,183572.26718226
2017-08-02,200.83,237.65839,200.82,226.25,637848.49833254
2017-08-03,225.73,229.35785,215.37,217.92,232009.78015464
2017-08-04,218.48999,227.99998,217.35,224.0,189476.63673265
2017-08-05,224.0,228.6,219.51,222.50356,157535.52925177
2017-08-06,220.72,259.16478,219.54,253.5,456791.35321411
2017-08-07,253.59998,274.0,250.99,265.67,346672.81264196
2017-08-08,265.67,274.81,257.1,269.9,247623.65711077
2017-08-09,269.89,299.45,266.43,296.98,381329.97968736
2017-08-10,295.95,316.92799,276.55,297.783,646775.06879763
2017-08-11,295.26,312.97,288.34,300.51,223961.10643161
2017-08-12,300.51,314.1,295.79,310.0,201513.2217509
2017-08-13,309.65,320.0,303.61,308.35,244219.38757601
2017-08-14,308.35,310.9995,287.0,296.66,286064.83430433
2017-08-15,296.67,309.35,294.00093,299.16,167657.98138432
2017-08-16,302.70301,302.70301,267.0,286.71,288218.08100825
2017-08-17,286.71,304.39,280.0,300.45,180960.00505385
2017-08-18,302.25826,311.69,297.0,300.67,163806.97869631
2017-08-19,300.66,306.49885,287.0,292.87,195027.92920332
2017-08-20,293.0,300.925,285.75,294.62949,108151.68071704
2017-08-21,293.58,299.59,289.5,297.79,80009.85333822
2017-08-22,298.4958,353.0,292.71,321.99785,462351.439710295
2017-08-23,322.0,330.99998,291.86,314.19,309786.181203285
2017-08-24,314.87538,328.0,311.34,317.5,155473.988785694
2017-08-25,317.5,328.0,312.4,324.56,117642.976576943
2017-08-26,324.56,339.661,322.21,329.0,171911.825744118
2017-08-27,330.14,335.5,324.56,332.99,104348.100190658
2017-08-28,332.99,348.2,331.86432,348.2,145552.706991276
2017-08-29,348.2,350.29,333.01,347.54,188314.363809118
2017-08-30,347.54,376.55,345.0,372.48,352011.947126426
2017-08-31,372.48,392.0,363.9899,384.1,402965.707586693
2017-09-01,384.1,393.0,380.0,389.2,278438.350800209
2017-09-02,389.2,397.24,384.2,392.87,314619.922413045
2017-09-03,392.87,393.76,326.157,354.87,646721.318882776
2017-09-04,354.88,372.0,331.0,353.06,335642.056837714
2017-09-05,353.06,354.304,275.15,316.86,890291.14450708
2017-09-06,316.87,329.99,225.0,320.08,577391.961532734
2017-09-07,320.09,348.042,315.01,339.38,403597.042668687
2017-09-08,339.38,342.51,322.08,335.56,244807.161540114
2017-09-09,335.56,337.96,290.0,310.27,565287.350721428
2017-09-10,307.96,313.87,290.0,302.83,210235.853594022
2017-09-11,302.85,311.2,273.0,300.33,306869.772841188
2017-09-12,300.34,311.89,285.75,298.47,291426.490403053
2017-09-13,297.64,317.98,285.0,294.0,396875.542721273
2017-09-14,294.5,294.9,255.06,275.49,706771.24979862
2017-09-15,275.71,281.0,218.31,223.85,1067804.415250201
2017-09-16,223.85,270.0,200.0,257.36,1323718.907794094
2017-09-17,259.42,278.0,240.47,255.84,376581.000077121
2017-09-18,254.81,272.0,236.03,259.1,256518.837684064
2017-09-19,259.66,303.78,256.76,297.98,595191.289540899
2017-09-20,298.0,301.0,275.25,282.8,390212.700717813
2017-09-21,282.94,294.97,276.43,282.62,225863.609329514
2017-09-22,283.55,288.04,250.01,258.11,421311.141631054
2017-09-23,258.11,274.0,250.0,263.88,250401.040148748
2017-09-24,263.88,286.96,258.26,285.53,191785.929462558
2017-09-25,286.03,294.89,274.95,283.58,208953.603709776
2017-09-26,283.21,297.53,282.2,295.0,199753.567967552
2017-09-27,294.41,296.0,285.22,288.77,135662.673641985
2017-09-28,288.77,313.0,287.15,309.85,271068.147398914
2017-09-29,309.86,311.0,294.52,302.33,194015.141084006
2017-09-30,302.33,304.15,278.0,291.88,309488.436882564
2017-10-01,291.88,306.96,283.0,301.57,116787.300314887
2017-10-02,301.57,305.0,286.16,303.25,89503.600647307
2017-10-03,301.24,303.5,290.6,296.72,132238.6948828
2017-10-04,296.78,300.95,286.12,292.36,134081.223637656
2017-10-05,292.36,296.03,288.25,292.0,97378.870771358
2017-10-06,292.0,298.0,286.44,294.89,92074.662819198
2017-10-07,294.89,309.0,292.71,307.52,152585.885234564
2017-10-08,307.73,314.62,301.0,311.12,118521.392513089
2017-10-09,311.12,314.56,307.01,308.59,91968.046049384
2017-10-10,309.2,309.75,285.0,295.98,260523.326676228
2017-10-11,297.0,305.0,290.23,297.99,139769.353208139
2017-10-12,297.99,305.0,297.0,302.5,90743.07034167
2017-10-13,302.0,308.47,299.01,302.71,200212.958249188
2017-10-14,302.71,348.48,295.76,335.89,478867.379971973
2017-10-15,335.85,347.97,332.46,337.71,153781.497979527
2017-10-16,338.37,342.0,315.7,336.85,173379.673084435
2017-10-17,336.89,350.96,330.0,333.77,231857.761662804
2017-10-18,334.33,335.1,308.78,316.83,225870.042062377
2017-10-19,316.32,317.53,287.08,313.59,302648.206599746
2017-10-20,313.59,317.83,304.19,308.02,142866.378844817
2017-10-21,308.02,312.01,301.0,303.15,140589.742158273
2017-10-22,303.16,303.98,290.34,300.0,166821.918570977
2017-10-23,300.0,306.55,289.49,295.14,95001.538322126
2017-10-24,295.14,295.15,271.54,285.83,198226.076504073
2017-10-25,285.84,313.0,277.06,296.35,242609.190128707
2017-10-26,297.0,304.0,288.05,296.76,103773.758547135
2017-10-27,296.76,301.86,293.0,295.98,66664.41317512
2017-10-28,295.98,299.49,291.53,296.23,54187.09060876
2017-10-29,297.5,297.9,291.75,295.11,42168.52924533
2017-10-30,294.21,311.0,292.97,303.38,100204.325084438
2017-10-31,303.21,310.99,302.53,306.87,62455.782820238
2017-11-01,306.87,310.4,301.28,303.58,98041.7201219
2017-11-02,303.51,306.25,287.0,289.3,189697.176666468
2017-11-03,290.84,296.0,275.0,283.75,331655.041864682
2017-11-04,284.79,309.42,282.24,306.0,200671.847331416
2017-11-05,305.3,306.9,292.0,301.66,95795.147234828
2017-11-06,300.73,302.0,293.01,296.57,76314.844712188
2017-11-07,294.62,305.02,290.49,296.62,149935.294721347
2017-11-08,297.32,306.23,284.01,292.79,251073.817164866
2017-11-09,292.42,321.99,289.27,307.88,354380.671631175
2017-11-10,307.92,331.7,305.57,320.72,299186.027090698
2017-11-11,319.5,326.0,290.0,298.0,289969.748070852
2017-11-12,298.04,323.0,296.99,315.69,219675.026210974
2017-11-13,315.7,319.0,295.0,307.1,351895.489099936
2017-11-14,307.11,320.69,304.13,314.83,240869.612957696
2017-11-15,315.56,340.99,312.71,335.04,971674.395481356
2017-11-16,335.04,340.84,321.53,331.81,254518.886859496
2017-11-17,331.97,335.16,315.59,330.21,235500.121234345
2017-11-18,330.19,334.86,323.5,332.31,149796.225390019
2017-11-19,332.31,349.5,325.77,345.1,198459.611834835
2017-11-20,346.6,374.7,340.1,354.59,322083.316728874
2017-11-21,351.39,373.75,350.0,368.24,220437.726915938
2017-11-22,368.25,375.0,345.5,361.0,354107.335605985
2017-11-23,361.51,383.94,358.33,381.73,210957.697720388
2017-11-24,381.78,428.6,370.11,406.61,535913.378368987
2017-11-25,406.75,479.99,395.0,470.52,569416.169300536
2017-11-26,470.5,488.0,451.0,466.77,382508.436835388
2017-11-27,466.77,477.65,438.09,473.99,282284.626189405
2017-11-28,469.8,492.99,456.24,477.53,371141.679604691
2017-11-29,477.54,483.0,455.56,464.95,297102.766994089
2017-11-30,468.52,519.23,402.11,434.01,797151.765477274
2017-12-01,424.01,470.13,388.0,434.0,626807.706163604
2017-12-02,435.0,470.0,413.95,463.82,309512.208445774
2017-12-03,463.82,474.96,447.0,457.03,243188.107665856
2017-12-04,460.35,483.61,441.02,465.0,259324.824276534
2017-12-05,465.0,473.9,446.09,467.5,213889.399640623
2017-12-06,468.22,471.9,450.0,456.0,232890.060300526
2017-12-07,457.29,463.43,405.88,415.83,527422.781182381
2017-12-08,432.48,448.89,400.0,409.0,516937.802047066
2017-12-09,423.48,479.1,391.0,453.68,589908.008494776
2017-12-10,453.68,535.1,430.2,485.04,684738.400484945
2017-12-11,485.05,486.13,401.33,447.51,350318.293412893
2017-12-12,447.51,519.49,421.17,515.99,444321.511429729
2017-12-13,515.99,714.0,471.46,620.59,1202325.088261282
2017-12-14,622.42,784.77,570.54,711.94,1112914.042024575
2017-12-15,711.95,758.61,647.5,705.01,650938.568455534
2017-12-16,705.01,706.0,601.13,693.5,484841.075265769
2017-12-17,693.5,735.0,665.5,703.59,289133.341312352
2017-12-18,703.62,746.93,683.06,708.0,256381.782288216
2017-12-19,732.17,800.39,671.56,785.65,488605.715683722
2017-12-20,785.65,875.0,764.0,808.0,690880.003867399
2017-12-21,826.65,833.67,701.0,802.86,582670.032902075
2017-12-22,802.86,845.0,740.0,796.98,447100.469987656
2017-12-23,797.78,800.0,460.0,672.46,1334105.956246963
2017-12-24,670.11,774.99,647.16,722.0,333126.933513761
2017-12-25,732.76,734.86,601.32,697.04,318257.21188001
2017-12-26,690.65,759.88,666.0,740.5,245643.914914882
2017-12-27,740.5,771.0,714.15,755.07,186280.069985134
2017-12-28,755.06,770.0,704.54,739.99,256710.827686905
2017-12-29,740.0,743.36,666.0,720.23,320597.178477635
2017-12-30,719.5,758.87,708.0,748.89,267208.153135267
2017-12-31,733.05,749.91,659.06,698.46,255856.705840852
2018-01-01,700.0,759.08,687.03,743.48,154955.456535818
2018-01-02,743.5,772.98,719.0,759.03,169473.997417051
2018-01-03,759.03,888.0,750.78,858.6,579784.136241659
2018-01-04,858.6,950.0,847.65,938.0,498244.472152738
2018-01-05,938.16,999.91,895.52,949.0,532909.909298833
2018-01-06,940.49,1022.0,900.0,969.27,449500.035448947
2018-01-07,969.27,1009.22,950.01,1006.68,218598.317923885
2018-01-08,1006.68,1118.72,997.87,1118.3,311980.897861441
2018-01-09,1118.3,1231.12,950.0,1137.01,665240.867135344
2018-01-10,1137.01,1303.06,1115.0,1290.01,519872.989664545
2018-01-11,1290.01,1387.0,1187.96,1246.94,640570.100304802
2018-01-12,1246.95,1335.0,1083.97,1135.0,584744.480038472
2018-01-13,1137.01,1288.34,1000.0,1259.99,301575.462269521
2018-01-14,1260.0,1594.89,1200.1,1381.81,303630.087725643
2018-01-15,1381.85,1404.95,1221.0,1365.46,252923.053916741
2018-01-16,1359.59,1386.0,1261.98,1274.09,237596.855334136
2018-01-17,1275.63,1285.57,852.0,1065.01,1041095.952998434
2018-01-18,1057.88,1165.0,755.0,1028.06,1378805.695489007
2018-01-19,1029.22,1115.0,951.0,1024.69,646933.789318228
2018-01-20,1025.77,1105.0,993.4,1037.45,331564.791729761
2018-01-21,1037.45,1171.0,1036.03,1157.78,289340.042422479
2018-01-22,1150.02,1158.0,925.11,1047.13,267144.964424848
2018-01-23,1047.13,1092.0,913.24,1000.5,394065.322757305
2018-01-24,999.69,1025.0,905.0,984.03,400960.962078149
2018-01-25,984.03,1069.65,952.0,1056.99,302498.948042902
2018-01-26,1063.77,1107.67,1000.01,1040.0,342935.684742639
2018-01-27,1040.0,1079.95,982.0,1048.0,308283.050062182
2018-01-28,1045.58,1126.01,1029.29,1105.5,227513.845233713
2018-01-29,1105.5,1240.0,1087.94,1223.6,315455.850920704
2018-01-30,1215.01,1239.0,1122.01,1162.27,256156.432471477
2018-01-31,1165.86,1172.0,1018.54,1054.39,464781.850848132
2018-02-01,1054.39,1121.03,1010.77,1105.01,333870.106137351
2018-02-02,1105.01,1152.05,930.0,1017.48,632516.71662967
2018-02-03,1017.48,1024.74,729.53,918.39,601952.735241912
2018-02-04,912.0,998.0,831.71,965.53,332683.577944163
2018-02-05,969.4,970.4,779.0,826.0,374581.179791401
2018-02-06,822.79,858.99,606.0,693.54,1113105.67961407
2018-02-07,694.38,813.99,555.56,785.01,1371227.726774884
2018-02-08,783.2,866.05,713.08,752.89,637047.036894253
2018-02-09,750.05,846.28,747.82,812.0,347607.017233619
2018-02-10,812.0,883.47,780.0,875.99,342000.404808765
2018-02-11,875.99,913.3,808.8,849.47,314693.107050111
2018-02-12,849.46,858.63,775.99,811.35,203324.148079588
2018-02-13,811.38,877.95,808.52,864.4,193260.286769217
2018-02-14,864.4,869.35,819.31,839.52,154037.000684845
2018-02-15,840.49,925.0,839.45,920.26,300698.02590898
2018-02-16,920.24,951.25,905.0,927.91,256698.000692615
2018-02-17,929.3,950.0,907.75,940.98,151902.583864944
2018-02-18,940.98,980.0,934.2,974.99,138018.765444342
2018-02-19,975.99,983.85,905.52,915.81,190944.150947585
2018-02-20,913.4,956.97,906.0,939.01,97898.968071235
2018-02-21,939.01,959.0,874.0,884.76,207790.790889212
2018-02-22,884.77,908.17,815.89,840.34,265366.424917992
2018-02-23,840.35,874.98,780.0,804.36,230950.903651606
2018-02-24,806.0,883.89,785.0,856.58,210112.650900037
2018-02-25,854.01,878.0,807.41,833.2,134747.535264704
2018-02-26,833.2,852.67,816.75,840.86,85891.792014126
2018-02-27,840.0,880.94,834.77,866.45,134506.843877767
2018-02-28,867.1,898.98,860.0,871.07,120340.402893658
2018-03-01,871.07,889.85,847.59,849.99,116165.701566268
2018-03-02,849.99,881.47,843.11,868.74,106990.05860553
2018-03-03,868.7,878.0,845.0,854.31,87951.527323128
2018-03-04,854.3,869.8,849.0,854.6,58816.070683925
2018-03-05,854.34,867.38,835.32,862.28,64068.572384868
2018-03-06,861.74,870.15,848.0,848.83,79739.115517858
2018-03-07,848.83,850.99,800.89,815.81,129161.446634579
2018-03-08,815.44,825.89,723.13,751.38,271270.799530001
2018-03-09,750.0,775.0,686.0,698.83,240713.185518173
2018-03-10,698.81,734.0,640.0,728.46,343352.799353148
2018-03-11,726.22,751.84,650.01,683.6,146712.888313207
2018-03-12,683.6,737.5,655.53,719.79,138087.623020153
2018-03-13,719.79,740.7,676.0,696.51,152192.333226677
2018-03-14,696.16,715.78,676.5,685.64,136192.572806795
2018-03-15,690.32,704.85,582.7,614.63,318822.68333236
2018-03-16,613.42,623.7,570.0,609.0,325650.916859576
2018-03-17,611.0,627.51,581.21,600.51,209720.173599384
2018-03-18,600.52,610.34,540.21,549.79,239542.882234926
2018-03-19,549.79,587.74,450.0,538.0,882459.421950372
2018-03-20,538.0,560.9,435.0,555.55,396970.351978353
2018-03-21,554.98,570.4,515.38,558.0,362527.842120125
2018-03-22,558.0,593.0,544.5,559.98,260328.021236721
2018-03-23,559.99,578.73,507.97,539.89,224704.042673307
2018-03-24,539.9,544.29,506.0,544.29,212114.471028312
2018-03-25,543.04,545.94,517.7,519.99,111436.918530358
2018-03-26,519.99,536.0,510.2,522.55,112116.214521632
2018-03-27,522.55,526.67,466.0,486.22,309325.736267234
2018-03-28,486.78,493.0,445.0,447.4,372679.787004025
2018-03-29,449.0,465.85,439.18,445.47,216163.032577205
2018-03-30,445.72,448.97,378.86,383.29,619351.505650553
2018-03-31,383.3,411.41,362.0,392.54,604759.796058141
2018-04-01,392.49,438.5,387.85,393.79,296100.411408245
2018-04-02,394.73,401.0,358.4,378.18,266603.651601524
2018-04-03,378.69,395.0,373.0,384.0,184688.634190917
2018-04-04,384.0,520.11,377.71,416.28,321248.087129344
2018-04-05,415.51,418.0,368.02,378.43,271380.977717724
2018-04-06,378.42,387.49,364.0,381.55,213163.884402107
2018-04-07,380.68,386.21,360.0,369.4,191436.375580849
2018-04-08,370.32,397.4,368.4,384.61,120624.927311509
2018-04-09,384.94,410.0,384.14,399.99,119814.208455709
2018-04-10,399.9,433.31,386.19,398.44,295858.548530666
2018-04-11,398.8,418.68,391.14,415.65,151839.962963062
2018-04-12,415.45,433.83,409.51,430.81,196720.090390394
2018-04-13,430.82,498.99,400.0,493.41,531549.027057042
2018-04-14,493.42,529.87,481.18,494.32,473884.799085545
2018-04-15,496.07,516.6,486.0,502.21,164050.509744105
2018-04-16,502.4,535.0,502.21,533.74,199153.497861418
2018-04-17,533.86,538.2,497.38,510.57,233783.038611615
2018-04-18,511.29,524.91,487.0,502.42,199179.585115597
2018-04-19,502.43,527.07,500.76,525.26,189839.033516044
2018-04-20,525.9,570.43,520.2,567.29,250106.691552616
2018-04-21,567.29,626.49,556.2,617.17,382176.879220591
2018-04-22,617.17,636.7,572.0,606.0,216669.922981276
2018-04-23,605.16,647.47,590.7,620.07,192881.660927957
2018-04-24,620.45,649.77,618.33,642.85,188708.219468351
2018-04-25,642.85,712.0,642.85,703.38,404959.613800332
2018-04-26,704.0,704.01,578.75,617.49,682859.51803747
2018-04-27,617.5,667.19,598.15,661.0,304857.689201704
2018-04-28,661.04,685.91,636.15,643.11,228862.818472616
2018-04-29,642.0,697.08,638.7,682.0,149160.860465024
2018-04-30,682.01,699.97,666.0,687.51,132747.116933049
2018-05-01,688.0,694.14,661.18,669.81,176878.952170641
2018-05-02,669.82,676.69,585.0,669.86,302437.035440501
2018-05-03,670.74,691.0,660.63,685.02,193478.319809626
2018-05-04,685.65,787.6,684.0,775.51,367591.993942108
2018-05-05,776.92,805.31,757.1,783.44,260101.457468078
2018-05-06,783.44,830.0,777.22,812.0,168620.916662778
2018-05-07,812.0,833.0,749.0,784.28,206620.363998657
2018-05-08,787.42,793.88,691.92,752.42,430731.814964989
2018-05-09,752.43,776.0,716.0,747.92,240217.95009981
2018-05-10,746.99,760.64,700.0,750.1,244282.162377515
2018-05-11,750.0,767.4,719.0,722.95,126830.857871974
2018-05-12,723.51,736.23,658.89,677.26,362631.35593232
2018-05-13,678.05,692.7,637.65,683.99,198067.429115642
2018-05-14,684.7,741.8,668.4,729.29,161595.123067101
2018-05-15,729.29,746.06,684.0,726.9,326127.580032076
2018-05-16,726.91,739.6,694.16,706.08,203647.855731718
2018-05-17,706.09,712.0,674.57,707.45,168696.358874392
2018-05-18,707.45,719.97,660.65,668.56,180047.156710258
2018-05-19,668.56,694.96,655.78,694.5,180508.746574852
2018-05-20,694.5,717.0,670.0,695.68,100523.475139515
2018-05-21,695.97,724.8,686.53,713.5,90347.151260013
2018-05-22,714.0,721.38,686.05,696.43,95786.102272586
2018-05-23,696.77,699.57,636.3,640.5,202506.735872794
2018-05-24,641.47,652.01,553.16,577.2,450658.543518926
2018-05-25,577.2,610.29,543.64,602.64,298288.240487901
2018-05-26,602.07,616.8,567.0,585.7,201454.618598997
2018-05-27,584.02,607.7,568.58,584.99,89396.629081784
2018-05-28,585.0,592.88,555.0,570.75,105510.521117487
2018-05-29,570.75,576.45,504.5,511.37,230574.803282066
2018-05-30,511.88,573.64,510.05,566.66,275412.298092962
2018-05-31,566.78,586.39,540.05,557.22,226347.973803122
2018-06-01,557.22,589.0,552.99,577.1,205295.46091453
2018-06-02,577.3,590.86,561.11,578.49,183817.331897097
2018-06-03,578.89,600.0,571.75,590.46,120667.700753079
2018-06-04,590.46,637.07,588.76,619.59,108930.612867805
2018-06-05,618.94,635.86,576.15,590.0,155577.906973936
2018-06-06,591.51,614.49,572.77,607.6,186606.371450517
2018-06-07,607.6,612.99,586.35,606.18,150772.437342073
2018-06-08,606.19,616.74,594.0,602.99,165805.990315392
2018-06-09,603.56,608.0,590.69,598.59,97953.018869107
2018-06-10,598.6,610.0,590.0,592.92,55011.679844776
2018-06-11,593.4,593.41,502.54,525.56,288561.99161494
2018-06-12,525.25,536.87,507.69,531.68,242514.712660774
2018-06-13,531.68,547.0,483.5,494.57,268857.384685555
2018-06-14,493.86,502.4,447.14,476.02,373534.967852181
2018-06-15,476.03,530.0,459.14,519.47,452032.351273769
2018-06-16,519.48,522.31,481.34,487.45,260011.831630219
2018-06-17,487.45,503.49,482.61,497.31,108452.562234978
2018-06-18,496.99,510.0,493.19,496.58,72303.422311108
2018-06-19,496.5,526.15,486.48,517.47,152563.86711508
2018-06-20,517.47,548.5,514.2,538.5,147623.905166334
2018-06-21,538.5,543.96,516.57,536.0,138710.138519729
2018-06-22,536.0,545.23,520.57,525.49,108513.585179974
2018-06-23,525.5,526.27,448.54,462.01,370651.875762939
2018-06-24,462.01,482.61,455.48,475.17,102243.76564481
2018-06-25,475.18,477.33,420.0,454.74,333951.194417418
2018-06-26,454.79,474.69,444.21,458.41,198576.465419646
2018-06-27,458.82,461.65,428.6,429.08,197858.898989275
2018-06-28,429.08,449.66,418.85,441.41,167111.834624077
2018-06-29,441.5,444.0,415.3,420.0,139080.100433004
2018-06-30,420.01,443.0,403.19,434.6,229784.126332868
2018-07-01,434.5,463.66,434.5,453.29,127270.976220059
2018-07-02,453.0,456.99,444.05,451.43,71553.853645039
2018-07-03,451.43,482.0,442.79,475.63,165181.422387005
2018-07-04,476.34,487.5,457.6,461.75,152963.90118693
2018-07-05,461.75,483.97,450.19,466.59,130071.569848086
2018-07-06,466.9,479.05,457.37,467.98,126622.958251596
2018-07-07,467.98,477.0,450.04,469.3,95905.594149149
2018-07-08,469.3,487.96,460.75,484.48,78421.745557697
2018-07-09,484.49,495.99,479.31,486.08,107429.275007318
2018-07-10,486.09,488.64,468.17,471.6,111788.15472443
2018-07-11,471.6,473.57,426.95,432.59,240034.621228275
2018-07-12,432.71,448.54,424.89,444.67,129786.338799098
2018-07-13,446.25,447.17,416.53,430.45,124980.960074907
2018-07-14,430.45,442.4,422.62,432.8,99901.350051485
2018-07-15,432.8,440.9,427.66,434.13,52038.71694631
2018-07-16,434.14,454.94,428.94,449.41,83407.698413787
2018-07-17,448.66,480.0,444.0,478.86,144811.330977803
2018-07-18,478.19,513.61,465.0,499.01,227183.918981587
2018-07-19,499.01,516.78,468.85,478.81,197154.546053746
2018-07-20,478.92,483.88,462.06,468.39,139350.092212227
2018-07-21,468.38,469.98,439.64,448.21,162814.450112736
2018-07-22,448.21,468.85,441.05,461.5,75899.085763865
2018-07-23,461.5,473.69,453.0,456.9,55701.738944537
2018-07-24,456.9,469.64,445.66,449.0,114933.948146986
2018-07-25,449.0,485.62,447.91,478.79,160605.987357883
2018-07-26,479.12,485.0,463.04,470.81,109922.650590618
2018-07-27,471.14,484.31,458.97,461.42,88577.586261186
2018-07-28,461.43,474.61,454.25,468.79,83532.283230065
2018-07-29,469.3,472.0,460.23,468.41,28838.459339238
2018-07-30,468.41,471.97,461.66,466.01,30402.202409119
2018-07-31,466.01,469.5,445.0,456.46,94690.435050378
2018-08-01,456.47,462.04,421.33,432.35,124523.533957549
2018-08-02,431.83,435.48,407.49,419.6,149606.586780327
2018-08-03,419.59,424.85,406.81,410.71,101264.453268257
2018-08-04,410.71,420.27,395.0,417.8,150297.979239298
2018-08-05,417.8,420.0,400.0,407.0,65140.014173668
2018-08-06,407.0,413.58,399.9,408.83,62053.924452617
2018-08-07,408.96,414.0,400.59,404.25,69216.150535635
2018-08-08,404.99,410.73,367.41,377.7,157982.674968206
2018-08-09,377.7,383.65,347.18,355.7,327940.590122661
2018-08-10,355.18,371.09,350.84,363.99,168055.097699677
2018-08-11,363.99,366.46,325.0,330.99,198448.065054257
2018-08-12,331.58,332.84,303.0,317.5,272768.423847357
2018-08-13,317.44,328.69,313.29,318.15,124836.65111132
2018-08-14,318.16,322.47,280.0,284.12,388499.986677087
2018-08-15,283.95,288.84,250.0,279.4,699726.240781651
2018-08-16,279.39,305.76,275.64,281.17,469653.027697203
2018-08-17,281.21,299.98,277.59,287.22,222109.528442147
2018-08-18,286.67,319.0,284.9,317.54,338340.033108915
2018-08-19,317.55,322.16,282.32,296.61,212624.503518334
2018-08-20,296.59,307.65,288.53,300.03,135642.434144799
2018-08-21,300.03,304.63,268.0,270.76,232157.660369906
2018-08-22,270.76,286.42,269.13,281.49,152476.381717586
2018-08-23,281.5,300.85,258.87,270.02,337786.129131496
2018-08-24,270.48,281.2,268.17,275.87,179699.969756149
2018-08-25,275.87,283.72,270.01,281.56,137384.740971318
2018-08-26,281.55,283.3,276.2,277.97,55443.758587237
2018-08-27,277.97,277.97,269.21,274.25,73564.943032369
2018-08-28,274.26,288.64,271.3,288.12,128994.000219558
2018-08-29,288.11,298.27,282.5,295.24,161238.335304859
2018-08-30,295.4,297.74,283.85,289.0,117414.967882527
2018-08-31,288.99,291.0,270.44,284.52,172269.492573686
2018-09-01,284.52,284.93,276.18,281.94,116649.637259989
2018-09-02,281.95,302.66,280.34,294.64,141701.608701365
2018-09-03,294.65,299.61,288.12,295.06,100845.254581278
2018-09-04,295.06,296.45,284.88,288.6,118553.872685819
2018-09-05,288.63,292.29,237.0,285.43,195000.851621477
2018-09-06,285.43,287.95,225.53,227.56,439234.260340509
2018-09-07,227.56,259.48,208.92,229.03,570455.686715903
2018-09-08,229.35,234.61,210.07,214.77,292187.441600226
2018-09-09,214.77,220.38,186.0,197.16,424723.05575277
2018-09-10,197.0,208.5,175.7,195.91,338749.562188733
2018-09-11,195.92,202.77,186.44,196.94,273836.421932039
2018-09-12,196.94,199.34,175.5,185.15,403830.794027337
2018-09-13,185.15,185.15,166.76,182.79,483450.280200569
2018-09-14,182.92,216.06,182.6,211.31,646233.017616606
2018-09-15,211.15,224.79,202.05,210.0,537578.270681986
2018-09-16,210.0,227.92,207.88,221.69,227898.663696308
2018-09-17,221.7,223.66,205.52,220.19,194414.504927769
2018-09-18,220.19,225.0,191.68,195.97,497664.148378389
2018-09-19,195.75,214.92,193.27,208.5,342606.978515278
2018-09-20,208.35,214.95,196.66,209.81,397978.817892929
2018-09-21,209.81,230.78,205.82,224.41,356618.874206735
2018-09-22,224.41,255.66,220.47,247.76,597920.678512271
2018-09-23,247.76,255.89,232.6,240.71,278450.087010283
2018-09-24,240.71,249.79,236.46,244.35,162292.115290489
2018-09-25,244.35,246.36,224.3,228.05,275515.399815745
2018-09-26,228.01,228.01,203.11,219.19,488604.490062395
2018-09-27,219.19,223.05,207.11,214.15,295674.764822783
2018-09-28,214.15,235.3,209.79,229.0,403025.682624736
2018-09-29,229.0,234.59,213.74,220.67,308341.230366215
2018-09-30,221.19,236.98,212.54,231.01,225142.946321754
2018-10-01,231.01,239.48,224.0,232.27,165740.397636428
2018-10-02,232.27,235.0,218.0,230.4,160304.784258548
2018-10-03,230.4,231.08,221.2,224.85,142176.473140419
2018-10-04,224.85,225.84,210.5,219.02,231952.542599819
2018-10-05,219.1,225.66,218.12,221.0,157340.01770732
2018-10-06,221.0,230.34,218.0,226.73,145586.04251746
2018-10-07,226.61,227.51,221.56,223.85,74807.19320008
2018-10-08,223.85,225.98,220.0,224.34,73034.593580519
2018-10-09,224.91,231.1,222.2,227.92,155144.162881289
2018-10-10,227.71,229.36,224.51,226.3,96783.264486208
2018-10-11,226.5,230.0,221.0,223.38,141570.206152558
2018-10-12,223.14,224.0,184.11,188.32,660821.119322641
2018-10-13,188.2,198.5,186.62,194.1,211608.87138072
2018-10-14,193.61,199.5,192.68,196.72,93914.133193628
2018-10-15,196.72,201.1,187.45,192.01,105098.224120349
2018-10-16,191.85,221.57,189.71,204.53,622406.332475978
2018-10-17,204.52,208.31,201.91,205.43,153880.264220048
2018-10-18,205.59,206.5,200.72,203.21,138763.937026479
2018-10-19,203.21,205.95,195.15,199.2,212445.682433038
2018-10-20,199.1,202.1,197.18,200.12,118692.615213028
2018-10-21,200.01,206.0,198.56,202.69,132615.770116098
2018-10-22,202.33,206.36,201.08,202.12,87615.31485606
2018-10-23,202.14,203.93,198.75,201.25,96102.84708134
2018-10-24,201.0,202.32,197.65,201.12,103497.476233599
2018-10-25,201.12,203.14,200.0,200.68,91400.887481328
2018-10-26,200.68,200.94,195.0,199.65,130263.218433539
2018-10-27,199.66,205.59,198.32,200.7,116307.40905356
2018-10-28,200.71,201.97,199.92,201.46,44621.19855728
2018-10-29,201.46,203.45,200.8,202.46,45788.308698209
2018-10-30,202.44,202.88,190.52,194.31,176175.967604189
2018-10-31,194.29,197.44,192.56,195.35,105547.65034867
2018-11-01,195.36,200.0,191.4,196.95,130100.60782409
2018-11-02,196.95,198.75,195.56,197.96,74664.440632019
2018-11-03,197.96,202.21,197.46,199.75,97982.64428766
2018-11-04,199.75,200.2,197.08,198.35,48940.609675119
2018-11-05,198.34,218.58,197.61,210.06,211825.708979907
2018-11-06,210.06,212.0,205.04,208.53,125401.418895069
2018-11-07,208.53,219.3,206.5,218.65,242176.845610749
2018-11-08,218.66,223.17,215.27,216.84,188951.184846934
2018-11-09,216.85,218.39,209.27,210.34,144641.68390061
2018-11-10,210.35,212.31,206.01,208.01,100791.885610509
2018-11-11,208.01,213.5,207.6,210.29,60681.258122969
2018-11-12,210.28,211.44,205.2,209.88,64524.83616711
2018-11-13,209.45,211.93,206.81,208.83,83587.033746459
2018-11-14,208.77,208.83,202.61,203.2,135197.648304568
2018-11-15,203.2,205.4,165.0,177.79,816971.197292759
2018-11-16,177.76,181.09,165.0,178.89,510105.654753248
2018-11-17,178.89,180.38,169.0,172.4,277882.492067349
2018-11-18,172.4,176.0,170.34,172.49,115643.670733789
2018-11-19,172.49,180.21,171.51,175.78,140067.344629449
2018-11-20,175.9,175.95,142.0,145.31,937363.184150584
2018-11-21,145.22,149.8,120.38,127.49,1578507.809546461
2018-11-22,127.71,138.48,121.83,134.61,775361.241397862
2018-11-23,134.75,136.99,122.24,123.25,334293.968531896
2018-11-24,123.29,125.73,115.2,121.44,612770.368324326
2018-11-25,121.44,126.32,106.15,110.16,534028.973434713
2018-11-26,110.36,119.54,98.04,114.3,1079513.798117846
2018-11-27,113.55,117.59,102.26,106.82,740590.869047164
2018-11-28,106.79,111.85,99.0,108.7,576132.562532526
2018-11-29,108.63,126.46,108.51,121.94,768355.099319595
2018-11-30,121.95,123.21,113.0,116.38,456487.546969702
2018-12-01,116.38,119.79,108.83,111.65,354028.494563089
2018-12-02,111.82,121.12,109.84,116.82,252380.72937055
2018-12-03,116.82,119.7,113.0,114.76,179891.063016091
2018-12-04,114.76,115.65,104.36,107.11,325190.481523497
2018-12-05,107.21,112.18,104.16,108.61,249914.973408496
2018-12-06,108.61,109.37,99.5,100.76,432747.834523325
2018-12-07,100.62,105.0,88.86,89.09,932196.086539827
2018-12-08,89.1,109.43,81.0,92.51,1309044.023940167
2018-12-09,92.57,97.99,83.7,90.07,614284.031645226
2018-12-10,89.9,98.41,87.88,92.8,457484.225766014
2018-12-11,92.8,94.87,87.3,89.23,338639.285026519
2018-12-12,89.23,91.21,85.0,87.02,325098.520543535
2018-12-13,86.96,91.95,85.5,89.09,295469.818258108
2018-12-14,89.02,90.46,83.0,85.31,427985.008101479
2018-12-15,85.24,86.2,80.56,83.0,414971.527734503
2018-12-16,83.0,84.98,80.83,82.82,244809.870532745
2018-12-17,82.92,88.05,82.65,83.74,218244.7029524
2018-12-18,83.74,97.24,83.29,93.79,613267.018133434
2018-12-19,93.8,102.0,91.49,100.89,468961.280855375
2018-12-20,101.0,109.21,98.0,99.4,905141.771886162
2018-12-21,99.39,119.0,98.0,114.52,874331.929101601
2018-12-22,114.47,120.0,105.02,107.71,626054.62479433
2018-12-23,107.57,120.0,105.34,116.09,317360.321545357
2018-12-24,116.1,133.0,115.69,129.61,685045.586963883
2018-12-25,129.61,159.51,129.32,139.09,1229049.372394109
2018-12-26,139.01,140.26,120.62,128.82,785062.390814961
2018-12-27,128.83,137.46,123.2,130.47,492209.547543058
2018-12-28,130.47,131.79,112.01,114.63,593335.024564994
2018-12-29,114.53,138.86,113.03,137.18,658885.321832775
2018-12-30,137.17,150.04,121.7,134.02,568889.739590274
2018-12-31,134.06,140.64,128.14,138.78,408525.799155167
2019-01-01,138.73,139.18,127.78,130.53,336587.601063999
2019-01-02,130.66,141.35,128.72,139.75,307831.464299188
2019-01-03,139.77,157.09,138.54,153.51,492680.608769254
2019-01-04,153.38,154.73,143.51,147.23,398849.325907279
2019-01-05,147.23,156.48,144.77,153.24,470473.456230177
2019-01-06,153.24,161.0,152.02,153.85,429910.268174446
2019-01-07,154.21,160.0,147.16,155.92,407452.466147856
2019-01-08,155.91,157.5,147.76,150.62,327197.909188249
2019-01-09,150.57,153.01,146.15,149.01,305059.429921039
2019-01-10,149.05,153.6,147.7,149.56,239404.358587457
2019-01-11,149.49,151.1,122.0,126.45,736639.332104964
2019-01-12,126.42,128.98,120.71,125.83,346828.636145844
2019-01-13,125.83,127.99,122.61,124.59,183112.336117229
2019-01-14,124.57,125.52,113.4,115.58,312044.998054628
2019-01-15,115.61,132.38,115.24,128.39,467756.343574017
2019-01-16,128.36,130.63,116.68,120.0,479957.204107814
2019-01-17,119.98,128.88,119.0,122.12,367701.743075718
2019-01-18,122.22,123.96,116.97,122.55,332765.931352925
2019-01-19,122.53,122.88,117.74,119.53,177698.832191789
2019-01-20,119.54,127.0,118.7,123.09,220070.148650316
2019-01-21,123.25,123.97,112.77,117.43,244407.097869058
2019-01-22,117.46,118.24,113.44,115.86,200856.732303649
2019-01-23,115.8,119.98,110.37,118.08,299644.049756265
2019-01-24,118.08,118.96,114.91,116.55,177214.928500449
2019-01-25,116.48,117.33,113.5,116.4,188031.923918628
2019-01-26,116.4,117.12,114.04,115.06,229428.201369187
2019-01-27,114.95,117.64,110.0,115.01,97999.827899038
2019-01-28,115.01,115.8,110.21,111.35,232473.48789664
2019-01-29,111.46,112.2,100.82,105.47,506316.457037201
2019-01-30,105.44,106.0,101.0,103.83,328363.615135437
2019-01-31,104.01,109.89,102.89,107.61,340238.689633008
2019-02-01,107.61,110.74,104.2,105.76,241840.272536478
2019-02-02,105.84,107.78,102.87,105.84,306128.91179704
2019-02-03,105.84,110.2,105.03,109.24,163627.08634425
2019-02-04,109.3,110.33,104.41,105.91,209541.449529329
2019-02-05,105.98,108.12,105.29,106.08,173536.40186925
2019-02-06,106.04,106.66,104.82,106.0,135582.8769766
2019-02-07,106.02,106.71,100.0,103.26,351539.581228184
2019-02-08,103.26,104.88,102.6,103.32,154379.563734057
2019-02-09,103.22,122.36,101.0,117.96,629911.717034644
2019-02-10,117.96,119.97,116.35,117.98,165430.663349389
2019-02-11,118.06,125.28,114.21,123.94,273185.866165957
2019-02-12,123.93,124.22,118.09,119.43,323792.947278989
2019-02-13,119.56,122.73,117.0,120.82,284045.919580106
2019-02-14,120.81,125.44,119.5,120.58,238727.360794667
2019-02-15,120.66,123.34,115.0,119.28,242376.04913374
2019-02-16,119.39,123.57,119.0,120.45,236860.263736838
2019-02-17,120.42,123.78,120.4,121.68,112113.655275838
2019-02-18,121.64,136.86,121.3,132.32,504210.423452555
2019-02-19,132.33,148.59,131.0,144.62,827569.745453757
2019-02-20,144.58,149.62,141.5,142.69,457923.154711536
2019-02-21,142.73,148.7,138.16,147.03,383557.016552354
2019-02-22,146.98,149.5,141.61,144.21,284241.499262005
2019-02-23,144.19,147.99,142.11,146.68,300450.482428268
2019-02-24,146.67,160.0,144.31,157.56,445218.591825166
2019-02-25,157.46,166.62,129.32,131.75,937229.508651515
2019-02-26,131.88,141.98,130.61,137.64,484338.573777435
2019-02-27,137.57,140.63,132.05,135.71,236729.863098774
2019-02-28,135.74,140.0,125.66,134.46,402231.806600057
2019-03-01,134.36,139.7,131.45,134.48,352232.210655916
2019-03-02,134.59,137.73,133.52,134.91,196279.702267897
2019-03-03,134.7,136.2,128.85,132.32,197879.290867228
2019-03-04,132.31,134.77,127.0,129.81,155578.022943979
2019-03-05,129.81,130.38,122.52,125.24,354985.211872417
2019-03-06,125.18,137.64,124.75,136.18,379205.66215386
2019-03-07,136.3,140.61,129.4,137.0,326317.607268658
2019-03-08,137.0,139.86,133.63,136.29,234932.595670109
2019-03-09,136.25,138.79,128.85,132.74,271373.034954968
2019-03-10,132.75,138.27,131.86,136.33,171766.942602669
2019-03-11,136.41,136.83,133.3,134.66,105242.139648099
2019-03-12,134.8,135.59,130.45,132.05,194762.934708637
2019-03-13,132.05,134.41,127.19,132.8,245336.89133103
2019-03-14,132.81,132.94,130.12,131.16,97092.6634382
2019-03-15,131.14,136.25,128.0,131.4,181806.352233689
2019-03-16,131.4,136.93,131.36,135.99,228482.378417529
2019-03-17,135.91,147.23,135.76,140.48,351877.080055368
2019-03-18,140.39,140.79,135.55,138.07,142925.226138777
2019-03-19,138.1,141.36,135.03,137.01,195235.042735808
2019-03-20,137.01,138.75,136.15,138.08,128090.576190348
2019-03-21,138.15,139.44,135.13,138.73,162533.368279919
2019-03-22,138.72,139.26,131.95,134.3,202871.987650878
2019-03-23,134.3,137.08,133.94,135.73,109030.432659869
2019-03-24,135.67,137.7,135.18,136.52,113534.22926167
2019-03-25,136.65,136.71,132.33,135.29,118671.665304919
2019-03-26,135.36,136.25,130.59,132.94,163003.471882605
2019-03-27,133.01,134.0,131.38,133.29,122333.787990888
2019-03-28,133.26,139.8,132.98,138.97,205805.419368889
2019-03-29,139.08,139.24,135.78,137.4,115140.878055108
2019-03-30,137.43,143.18,136.84,142.83,173314.854167639
2019-03-31,142.76,145.74,139.63,142.27,163265.408662746
2019-04-01,142.27,142.3,140.08,141.02,63415.817457678
2019-04-02,141.23,143.0,138.27,141.03,172431.50546287
2019-04-03,141.01,168.72,140.7,164.69,908977.731470324
2019-04-04,164.54,180.1,150.51,161.33,1174509.838909135
2019-04-05,161.05,165.2,152.95,157.62,480152.741668403
2019-04-06,157.69,169.2,155.5,166.08,317649.079199825
2019-04-07,165.79,174.49,156.0,165.79,278232.173797117
2019-04-08,165.7,177.17,163.88,174.71,284949.965003796
2019-04-09,174.91,188.0,173.66,180.74,593829.426471986
2019-04-10,180.74,180.84,174.19,175.9,256915.151440566
2019-04-11,175.78,185.71,167.0,177.7,478183.320731875
2019-04-12,177.71,178.0,160.33,164.87,457898.404576567
2019-04-13,164.92,168.87,159.17,164.27,271031.347369555
2019-04-14,164.24,166.45,161.08,163.75,102469.016904559
2019-04-15,163.76,169.36,161.05,167.98,117612.538805458
2019-04-16,168.0,169.79,155.0,159.91,286024.003728679
2019-04-17,160.01,168.6,159.46,166.38,197340.023943917
2019-04-18,166.38,168.73,164.17,166.54,147549.959636039
2019-04-19,166.53,176.38,166.01,174.04,282241.164785954
2019-04-20,174.04,174.84,169.09,173.52,185097.23482743
2019-04-21,173.55,178.0,170.43,173.73,135921.243723928
2019-04-22,173.74,174.48,166.13,169.9,157937.049927349
2019-04-23,169.89,174.05,168.05,171.58,178570.243924409
2019-04-24,171.59,177.07,168.7,170.14,284713.253056797
2019-04-25,170.21,171.08,160.22,165.84,336738.606716295
2019-04-26,165.84,166.71,146.0,152.05,396425.106449858
2019-04-27,152.09,156.0,148.18,153.41,309064.764632136
2019-04-28,153.42,159.0,152.33,155.73,141530.641153638
2019-04-29,155.58,156.72,152.16,153.19,140964.443732975
2019-04-30,153.25,157.33,148.1,152.42,195357.525363427
2019-05-01,152.3,161.2,152.29,160.4,225206.649719178
2019-05-02,160.31,163.25,156.52,158.3,164668.002885875
2019-05-03,158.31,160.78,154.6,158.52,138494.012373399
2019-05-04,158.52,169.26,157.61,164.74,307836.800497835
2019-05-05,164.82,169.0,157.75,161.95,274650.994311628
2019-05-06,162.01,163.65,155.47,161.35,142393.290350647
2019-05-07,161.26,175.98,157.0,171.21,380445.516572968
2019-05-08,171.21,180.79,165.02,166.51,505397.900212562
2019-05-09,166.5,172.03,162.0,169.58,311698.95627716
2019-05-10,169.69,173.5,165.23,170.11,331692.707751349
2019-05-11,170.28,176.5,167.41,172.21,412298.434080473
2019-05-12,171.93,208.23,171.89,192.3,1019572.779578359
2019-05-13,192.0,204.19,182.16,188.23,749858.719635121
2019-05-14,187.95,209.85,185.5,196.0,773783.534357298
2019-05-15,195.99,221.0,194.98,217.44,982203.502525334
2019-05-16,217.66,251.0,216.84,249.0,1149280.657793948
2019-05-17,248.87,281.77,241.01,264.5,1688130.463680514
2019-05-18,264.37,270.25,214.0,244.59,1224911.729746733
2019-05-19,244.34,249.24,230.79,234.01,339569.223122586
2019-05-20,233.7,264.96,232.01,261.09,565774.82290161
2019-05-21,261.18,261.18,238.88,252.2,529230.088525871
2019-05-22,252.51,264.56,247.67,255.0,470231.648326008
2019-05-23,254.68,261.74,239.59,243.64,466289.427699556
2019-05-24,243.37,248.7,231.12,245.64,360206.844834713
2019-05-25,245.8,256.33,242.4,249.65,307518.946944057
2019-05-26,249.82,259.01,248.34,251.55,164613.447841796
2019-05-27,251.38,272.9,245.66,268.22,341344.279664091
2019-05-28,268.23,279.99,262.0,271.24,427015.151705115
2019-05-29,271.53,276.7,264.29,271.15,235899.384571908
2019-05-30,271.18,274.59,256.56,269.39,326967.01140621
2019-05-31,269.39,289.04,235.44,254.62,791747.366786641
2019-06-01,254.37,268.86,243.13,267.74,411074.097257485
2019-06-02,267.68,275.0,260.01,264.78,234301.685094658
2019-06-03,264.52,274.75,263.72,269.23,143460.339189015
2019-06-04,269.27,270.36,246.1,249.55,393961.467535377
2019-06-05,249.6,251.49,232.2,241.13,520496.711276284
2019-06-06,240.95,249.33,237.28,246.18,275682.542435037
2019-06-07,246.28,251.62,235.22,249.4,246685.633679338
2019-06-08,249.55,255.0,240.0,249.29,271713.75907614
2019-06-09,249.5,251.17,241.52,244.3,125279.103006858
2019-06-10,244.3,245.71,223.0,231.3,251691.703522678
2019-06-11,231.21,248.72,227.39,247.84,251686.310042376
2019-06-12,247.75,249.53,236.91,245.11,216316.410980119
2019-06-13,245.16,263.82,243.0,262.5,333501.756158841
2019-06-14,262.73,264.75,254.18,255.14,252670.193301488
2019-06-15,255.29,266.29,252.0,263.83,262639.317056155
2019-06-16,263.89,274.0,261.57,269.29,211485.101443556
2019-06-17,269.26,279.2,263.02,268.33,281583.539017277
2019-06-18,268.35,275.93,267.2,273.97,229920.454007836
2019-06-19,273.9,274.24,260.58,264.37,322726.884276075
2019-06-20,264.27,270.35,263.36,268.79,175430.066776956
2019-06-21,268.99,274.84,266.33,272.0,157291.974651478
2019-06-22,272.0,299.0,271.97,296.71,490399.551350763
2019-06-23,296.01,316.13,293.39,308.54,536628.850699268
2019-06-24,308.5,318.28,301.0,306.98,290063.859117933
2019-06-25,306.85,313.42,295.0,311.0,275623.156502233
2019-06-26,311.0,317.8,305.0,316.59,257508.841823753
2019-06-27,316.59,364.49,308.0,334.86,1005055.054283768
2019-06-28,334.81,343.82,273.5,293.47,965590.634519159
2019-06-29,293.47,312.9,288.0,309.37,396866.577209648
2019-06-30,309.38,324.5,291.0,317.07,357211.24424617
2019-07-01,317.04,323.61,285.77,290.07,318667.4120904
2019-07-02,289.88,301.76,261.38,293.7,378578.17170512
2019-07-03,293.72,296.24,270.42,291.25,422810.67912707
2019-07-04,291.25,303.83,288.99,301.79,222601.0675763
2019-07-05,301.77,304.0,280.0,282.57,185031.63502674
2019-07-06,282.81,295.17,280.0,288.0,212513.34231018
2019-07-07,287.83,298.25,285.05,287.57,122048.84166212
2019-07-08,287.58,310.98,283.87,306.34,211077.00020018
2019-07-09,306.33,315.0,302.24,313.24,228922.74382464
2019-07-10,313.23,318.7,302.39,307.95,262362.39248905
2019-07-11,307.95,315.0,280.19,288.46,403869.4094974
2019-07-12,288.46,288.68,261.57,269.01,418695.59824614
2019-07-13,268.88,279.67,265.91,275.55,178502.57179243
2019-07-14,275.62,276.34,260.4,269.04,170429.21069625
2019-07-15,268.99,270.04,191.91,225.89,491563.88647908
2019-07-16,225.96,236.16,202.27,228.28,694536.46986521
2019-07-17,228.2,234.68,190.0,198.89,785812.64979981
2019-07-18,198.92,221.0,192.01,211.4,527182.89633685
2019-07-19,211.55,230.15,206.2,226.31,433345.37075532
2019-07-20,226.49,226.97,213.12,221.21,239973.53757195
2019-07-21,221.3,236.58,219.98,228.89,212941.33603237
2019-07-22,228.84,230.0,217.04,225.64,162407.36084275
2019-07-23,225.7,228.3,211.34,217.13,224380.1312681
2019-07-24,217.13,219.23,208.36,211.93,218559.17960179
2019-07-25,211.96,218.22,200.5,216.51,310027.07184183
2019-07-26,216.55,226.22,215.19,219.28,193070.63903045
2019-07-27,219.29,222.12,212.51,219.35,148268.08263254
2019-07-28,219.42,224.14,201.98,207.11,242960.94306351
2019-07-29,207.11,213.98,197.0,211.5,161191.80362457
2019-07-30,211.48,215.49,205.51,210.73,162116.49998786
2019-07-31,210.7,215.1,203.66,209.83,107748.22244062
2019-08-01,209.8,219.0,209.53,218.7,132517.02774436
2019-08-02,218.68,219.43,210.61,217.55,126112.79010188
2019-08-03,217.53,223.01,214.74,217.8,141403.52556492
2019-08-04,217.86,224.81,215.5,222.14,124903.3794711
2019-08-05,222.15,224.04,216.65,222.9,70885.17060211
2019-08-06,222.87,237.29,222.82,232.92,215706.44610218
2019-08-07,232.91,239.63,222.0,225.81,246012.20148993
2019-08-08,226.0,231.22,220.0,225.8,179653.8690798
2019-08-09,225.96,226.78,213.7,220.81,239885.55235613
2019-08-10,220.83,221.3,206.36,210.3,181080.51396796
2019-08-11,210.3,214.82,198.23,206.1,148848.3689488
2019-08-12,206.11,216.63,205.63,216.06,121684.95501336
2019-08-13,216.11,216.47,209.27,211.26,104646.15588517
2019-08-14,211.19,211.94,202.8,208.58,173244.29598261
2019-08-15,208.49,209.17,181.5,186.3,352264.1749569
2019-08-16,186.32,191.47,171.0,188.2,372871.13694421
2019-08-17,188.2,188.21,177.96,185.26,181040.55425836
2019-08-18,185.26,187.19,181.57,185.59,80508.03168976
2019-08-19,185.59,198.17,183.27,194.74,126140.78353481
2019-08-20,194.74,203.91,192.85,202.32,159900.50335423
2019-08-21,202.32,202.94,194.45,196.56,117983.90695018
2019-08-22,196.56,197.17,179.94,187.37,204447.2768233
2019-08-23,187.29,195.11,182.53,190.41,173528.40591686
2019-08-24,190.42,197.6,188.3,194.36,171877.4158393
2019-08-25,194.35,194.76,185.51,190.89,88911.29182137
2019-08-26,190.9,192.89,182.04,186.45,85737.72061188
2019-08-27,186.6,194.66,185.31,188.3,146035.86361483
2019-08-28,188.26,189.12,184.33,187.07,92428.87580822
2019-08-29,186.95,188.13,165.71,172.83,245790.23862545
2019-08-30,172.79,173.76,163.49,168.82,198604.04077998
2019-08-31,168.92,170.43,165.3,168.4,114403.1817527
2019-09-01,168.45,175.0,165.5,171.92,72083.4899077
2019-09-02,171.89,174.04,167.65,171.29,78488.85136671
2019-09-03,171.32,181.93,170.45,178.8,119710.14382341
2019-09-04,178.81,183.3,173.72,179.12,160264.66690018
2019-09-05,179.09,180.64,173.29,174.82,130561.69089123
2019-09-06,174.83,178.87,168.82,174.0,111604.8979766
2019-09-07,174.01,178.65,164.83,169.2,173780.85496168
2019-09-08,169.25,181.07,168.33,178.08,117798.28103329
2019-09-09,178.08,184.73,176.01,181.56,147208.74875115
2019-09-10,181.56,187.99,175.83,180.63,143249.9971049
2019-09-11,180.85,184.59,176.38,179.64,97399.03877988
2019-09-12,179.65,182.7,173.7,178.47,128273.77439342
2019-09-13,178.31,182.7,176.45,181.09,61994.28114812
2019-09-14,181.05,181.94,177.57,181.65,84492.36698033
2019-09-15,181.65,189.95,180.17,188.73,111775.14471416
2019-09-16,188.88,191.03,186.3,189.3,115190.64179599
2019-09-17,189.31,199.83,188.23,197.59,253305.86119222
2019-09-18,197.59,215.39,195.67,207.95,379223.05502889
2019-09-19,207.98,218.53,207.5,210.27,243793.49385984
2019-09-20,210.24,224.8,200.98,220.8,359176.0447648
2019-09-21,220.85,222.38,211.55,218.1,187858.7746534
2019-09-22,218.07,221.62,213.3,214.8,148353.21030837
2019-09-23,214.87,215.45,206.02,211.17,147474.59365053
2019-09-24,211.17,211.71,198.18,200.77,210511.56836539
2019-09-25,201.16,202.8,152.39,166.9,830558.2238974
2019-09-26,166.26,175.25,162.25,170.0,337370.64404892
2019-09-27,170.0,171.0,151.86,165.85,392337.84807213
2019-09-28,165.85,177.36,161.05,174.44,249633.06573721
2019-09-29,174.36,176.0,168.02,173.9,145881.17772435
2019-09-30,173.91,175.26,164.3,169.38,136906.07780555
2019-10-01,169.39,181.87,165.11,181.53,282401.88043874
2019-10-02,181.22,185.89,173.09,176.05,234005.25834966
2019-10-03,176.21,181.9,174.1,180.82,140663.73610234
2019-10-04,180.88,181.26,169.54,175.05,161334.24799316
2019-10-05,175.11,179.69,170.77,175.97,115095.46934448
2019-10-06,175.97,177.19,171.58,176.58,70694.36750841
2019-10-07,176.72,177.18,167.08,170.15,138503.04220169
2019-10-08,170.18,182.93,168.61,180.26,186287.26855142
2019-10-09,180.29,185.34,176.88,180.72,133333.39808703
2019-10-10,180.73,198.0,179.14,193.26,289150.2129905
2019-10-11,193.39,194.89,187.29,191.64,148228.15686931
2019-10-12,191.86,197.93,178.91,180.84,259243.29339521
2019-10-13,180.94,184.87,177.23,179.86,110780.03110485
2019-10-14,179.76,184.98,178.34,181.18,91118.7083868
2019-10-15,181.12,187.97,180.52,186.85,130815.87679699
2019-10-16,186.86,188.66,176.48,180.58,227357.07456987
2019-10-17,180.56,181.32,171.39,174.39,155917.15249292
2019-10-18,174.39,179.71,172.0,177.31,140480.10893382
2019-10-19,177.31,177.49,167.59,172.96,170261.56747458
2019-10-20,173.01,175.5,169.66,172.09,88414.24300413
2019-10-21,172.05,176.8,169.11,175.55,89191.33443471
2019-10-22,175.49,178.34,171.45,174.24,134247.42779023
2019-10-23,174.36,175.5,170.47,171.3,79535.46018139
2019-10-24,171.26,174.05,153.0,162.37,362023.56684846
2019-10-25,162.42,164.0,158.4,160.67,131129.90747153
2019-10-26,160.67,188.17,160.42,181.66,306772.57610532
2019-10-27,181.66,199.5,173.62,180.03,381493.33552375
2019-10-28,180.02,189.22,176.84,184.22,147263.90708508
2019-10-29,184.32,190.0,180.8,181.98,155740.28200802
2019-10-30,182.0,193.45,181.66,191.1,164342.25928121
2019-10-31,191.03,192.93,179.22,183.38,162534.44971328
2019-11-01,183.4,185.55,177.81,182.38,133125.50631382
2019-11-02,182.38,184.99,177.25,183.19,112151.21706394
2019-11-03,183.26,186.27,181.91,183.0,52143.97773134
2019-11-04,182.92,185.11,179.01,181.73,45685.07880975
2019-11-05,181.73,189.64,180.32,186.25,98513.72303246
2019-11-06,186.23,192.64,181.76,188.88,149530.97111855
2019-11-07,188.88,194.79,187.86,191.13,99757.35327856
2019-11-08,191.17,192.27,184.14,186.42,85079.98137922
2019-11-09,186.42,188.16,180.7,183.62,189410.89237895
2019-11-10,183.62,185.78,182.21,184.77,57486.19791766
2019-11-11,184.77,192.12,183.36,188.88,77443.91545946
2019-11-12,188.89,190.0,183.47,184.65,68872.22774901
2019-11-13,184.68,187.38,182.0,186.93,90082.072226
2019-11-14,186.98,189.81,185.08,187.72,74578.98006335
2019-11-15,187.81,188.45,182.42,184.55,115742.35053597
2019-11-16,184.55,187.0,176.95,179.82,167042.72307972
2019-11-17,179.79,183.43,178.95,182.25,50673.95893494
2019-11-18,182.23,186.3,179.85,183.88,54986.40859911
2019-11-19,183.88,184.12,173.56,177.85,105101.49347008
2019-11-20,177.8,178.14,172.38,175.73,97102.50347171
2019-11-21,175.75,177.32,173.0,174.35,81129.82649316
2019-11-22,174.35,175.5,155.0,161.01,258487.77836047
2019-11-23,160.9,162.68,137.71,149.97,453535.17821846
2019-11-24,149.98,154.54,146.37,152.0,135094.28089808
2019-11-25,151.93,153.19,138.34,139.99,153598.23941258
2019-11-26,140.1,151.91,131.74,145.94,441293.6395931
2019-11-27,145.97,150.0,143.49,147.83,133759.40321559
2019-11-28,147.83,155.96,140.96,153.0,258229.90688157
2019-11-29,153.04,155.0,149.31,151.01,112701.03759734
2019-11-30,151.01,157.98,150.5,154.75,141249.46358927
2019-12-01,154.8,155.51,149.6,151.8,74119.12778812
2019-12-02,151.61,152.67,145.91,150.97,99660.2510775
2019-12-03,150.94,151.68,146.82,148.85,70547.13734789
2019-12-04,148.83,150.02,145.08,147.33,74409.74651798
2019-12-05,147.33,153.12,143.11,145.5,175731.5116122
2019-12-06,145.5,148.95,143.7,148.18,89703.00220814
2019-12-07,148.2,149.85,145.75,148.83,83049.51042124
2019-12-08,148.82,149.94,147.0,147.43,41770.89293192
2019-12-09,147.41,152.0,146.17,150.68,64740.92481057
2019-12-10,150.69,151.58,146.42,147.3,86750.46833352
2019-12-11,147.28,148.28,143.41,145.64,85489.17925794
2019-12-12,145.54,146.31,141.93,143.29,60286.85652156
2019-12-13,143.29,146.12,139.0,144.69,130076.36614167
2019-12-14,144.7,145.13,142.48,144.49,79519.61699273
2019-12-15,144.67,145.05,141.02,141.73,59231.96680731
2019-12-16,141.72,144.08,139.65,142.38,69741.41079518
2019-12-17,142.38,142.53,128.94,132.36,237446.04074118
2019-12-18,132.33,132.74,119.5,121.83,332688.89913632
2019-12-19,121.84,134.94,115.44,132.89,387499.76789424
2019-12-20,132.89,134.11,125.6,128.18,192782.91143317
2019-12-21,128.18,129.4,125.02,128.37,102480.58349678
2019-12-22,128.36,128.48,126.62,127.09,48418.23049934
2019-12-23,127.16,133.37,126.87,132.4,96127.16076144
2019-12-24,132.4,135.24,126.1,127.78,129813.92899922
2019-12-25,127.75,129.69,126.5,127.71,63340.12884071
2019-12-26,127.67,127.82,122.96,124.96,90169.21357728
2019-12-27,124.97,132.06,124.06,125.49,101666.0071575
2019-12-28,125.39,126.7,121.82,126.23,80885.96683879
2019-12-29,126.23,129.79,125.74,127.91,70903.23848171
2019-12-30,127.95,137.85,126.96,134.3,121500.19019044
2019-12-31,134.31,136.02,129.79,131.1,107315.17810546
2020-01-01,131.08,133.37,127.6,128.59,141899.55012395
2020-01-02,128.54,132.86,128.07,130.19,91268.67989252
2020-01-03,130.14,130.31,125.67,126.81,101256.65865862
2020-01-04,126.81,134.93,125.4,134.17,194743.62568346
2020-01-05,134.17,136.0,132.3,134.14,63874.20878277
2020-01-06,134.14,138.97,133.83,135.31,88234.36932303
2020-01-07,135.31,148.97,134.78,144.19,220800.12228435
2020-01-08,144.2,145.32,138.79,143.08,168933.52928513
2020-01-09,143.08,148.18,136.42,140.7,253312.59028361
2020-01-10,140.7,141.57,135.12,137.71,128498.68168603
2020-01-11,137.75,145.81,135.14,144.72,220003.38495477
2020-01-12,144.89,148.19,141.28,142.63,117129.79539979
2020-01-13,142.51,146.6,141.53,146.6,65893.50872976
2020-01-14,146.55,147.0,142.0,143.51,92494.73322487
2020-01-15,143.57,170.86,143.45,165.83,516782.49173257
2020-01-16,165.74,172.18,159.05,166.29,314673.81010604
2020-01-17,166.06,167.28,158.17,164.09,194335.1446106
2020-01-18,164.04,174.52,161.98,169.59,294564.59816818
2020-01-19,169.54,179.65,164.78,174.03,231041.82413785
2020-01-20,174.05,178.06,161.53,166.75,226663.8124902
2020-01-21,166.81,169.31,160.9,166.68,170782.39290453
2020-01-22,166.66,170.01,164.28,169.3,129563.66124529
2020-01-23,169.35,171.05,165.61,167.68,113528.54180166
2020-01-24,167.73,167.79,158.44,162.4,152551.9060551
2020-01-25,162.49,165.0,154.48,162.3,223354.12022285
2020-01-26,162.31,162.6,145.21,160.12,85290.60032584
2020-01-27,160.0,167.71,159.06,167.4,120748.22790609
2020-01-28,167.58,171.86,164.77,169.77,158020.70998626
2020-01-29,169.78,176.89,169.73,176.41,196863.0639065
2020-01-30,175.91,179.0,172.95,173.45,163514.2626593
2020-01-31,173.41,186.89,170.0,184.46,262593.36635573
2020-02-01,184.52,185.68,174.77,179.74,214881.91909113
2020-02-02,179.72,184.32,178.92,183.5,108848.81135101
2020-02-03,183.49,193.52,178.82,188.29,193841.02405171
2020-02-04,188.22,196.0,186.25,189.42,160678.07484197
2020-02-05,189.41,191.49,181.93,188.24,164039.17015936
2020-02-06,188.3,207.99,186.89,204.0,269226.33243871
2020-02-07,203.76,216.49,200.47,212.95,304334.78362158
2020-02-08,212.94,224.78,212.88,223.22,306507.04778093
2020-02-09,223.22,228.4,213.24,223.37,276531.28925416
2020-02-10,223.36,230.99,222.98,228.8,234501.64909332
2020-02-11,228.8,229.84,213.37,223.0,230933.76518549
2020-02-12,223.01,239.92,217.7,237.98,346761.1331762
2020-02-13,237.99,276.15,237.95,266.42,550089.47541396
2020-02-14,266.63,278.34,253.75,268.64,498832.41168892
2020-02-15,268.37,287.98,259.63,285.96,350408.15351864
2020-02-16,285.95,290.0,261.0,264.92,419921.82825041
2020-02-17,264.83,274.03,236.32,258.5,422751.01760806
2020-02-18,258.58,269.12,242.31,268.22,362973.35150555
2020-02-19,268.2,286.77,258.72,283.66,398808.65584533
2020-02-20,283.0,287.41,250.0,258.57,392574.30863045
2020-02-21,258.51,264.59,244.24,257.42,348067.38653263
2020-02-22,257.47,269.0,254.1,265.8,240366.2615117
2020-02-23,265.62,267.43,255.16,262.08,123307.6917617
2020-02-24,261.94,276.63,261.53,275.48,164968.18275648
2020-02-25,275.48,278.26,256.06,265.31,318884.42425862
2020-02-26,265.53,266.26,243.91,246.5,311340.14053756
2020-02-27,246.28,250.84,215.13,223.76,672412.32546554
2020-02-28,223.74,239.0,209.26,227.63,532325.18625376
2020-02-29,227.6,234.9,213.0,227.43,393583.26053747
2020-03-01,227.13,233.36,216.83,217.63,154996.6334442
2020-03-02,217.36,228.0,211.5,217.26,260574.92129401
2020-03-03,217.34,235.52,215.69,232.0,299533.53571273
2020-03-04,232.0,233.03,219.9,223.77,305704.75917547
2020-03-05,223.72,228.89,220.33,224.56,187983.06314784
2020-03-06,224.49,234.6,224.49,228.66,322904.88759588
2020-03-07,228.6,246.27,227.67,245.56,275025.19038454
2020-03-08,245.53,253.01,235.64,237.75,238759.77912431
2020-03-09,237.75,237.93,195.91,199.46,513542.79485998
2020-03-10,199.51,208.68,189.07,202.77,768532.56278088
2020-03-11,202.76,206.42,194.77,200.79,348524.27612072
2020-03-12,200.63,203.13,181.0,194.61,452882.44625665
2020-03-13,194.62,195.64,101.2,108.78,2513849.77860739
2020-03-14,110.3,148.33,86.62,135.51,2161424.20784198
2020-03-15,135.44,138.99,120.34,122.17,469955.12720498
2020-03-16,122.11,134.1,119.49,123.46,749465.94905567
2020-03-17,123.33,123.81,100.5,111.38,1397977.65830506
2020-03-18,111.36,121.78,109.66,115.91,634395.27614051
2020-03-19,116.11,118.96,110.11,118.6,530844.45794415
2020-03-20,118.59,144.87,115.72,136.68,814930.89295701
2020-03-21,136.65,154.0,115.0,133.5,1079075.76662982
2020-03-22,133.35,138.33,125.79,132.79,478347.79207039
2020-03-23,132.79,137.38,108.1,122.42,504628.58832194
2020-03-24,122.31,138.38,119.04,137.0,652637.6915931
2020-03-25,137.0,144.3,132.99,139.0,604024.00751708
2020-03-26,138.95,143.43,132.05,136.26,405070.57679447
2020-03-27,136.35,140.36,133.47,139.0,296999.90421988
2020-03-28,139.0,142.5,128.94,131.56,293404.57228728
2020-03-29,131.59,133.8,124.7,131.35,289531.57039894
2020-03-30,131.36,132.18,123.27,124.35,199278.3124074
2020-03-31,124.43,135.56,124.01,132.32,280498.18031854
2020-04-01,132.3,135.79,130.35,133.08,165828.71639735
2020-04-02,132.96,137.41,128.6,136.14,209179.27287538
2020-04-03,136.14,150.7,135.42,141.53,398998.9595801
2020-04-04,141.48,147.24,137.1,141.54,258493.3500368
2020-04-05,141.48,146.72,138.82,144.48,159758.99222147
2020-04-06,144.49,145.98,140.78,142.79,110762.85909521
2020-04-07,142.79,172.4,142.79,171.64,696493.15539977
2020-04-08,171.56,176.82,161.47,164.6,804233.18498822
2020-04-09,164.54,174.81,163.49,173.78,366707.76718012
2020-04-10,173.78,174.04,165.25,169.75,294863.44074068
2020-04-11,169.71,171.15,152.18,158.17,459006.74413861
2020-04-12,158.17,161.62,154.06,158.58,174643.5392339
2020-04-13,158.68,165.84,155.21,158.72,1913933.23986533
2020-04-14,158.82,159.65,148.82,156.76,391239.852532
2020-04-15,156.76,163.0,155.32,158.65,288470.68309947
2020-04-16,158.68,161.52,151.39,152.77,252442.51154267
2020-04-17,152.76,175.41,147.0,172.55,685213.76403237
2020-04-18,172.58,175.12,168.12,170.89,248845.03498637
2020-04-19,170.82,191.22,170.69,187.88,501918.60107096
2020-04-20,187.85,189.92,176.0,180.22,328789.26007876
2020-04-21,180.28,186.84,166.13,170.63,579107.93296376
2020-04-22,170.48,174.96,168.32,171.07,280608.42553886
2020-04-23,171.05,184.69,170.01,183.11,329646.96807415
2020-04-24,183.1,195.0,178.26,185.66,538041.94846422
2020-04-25,185.65,191.0,184.2,187.72,294219.14228893
2020-04-26,187.92,198.3,185.81,194.42,283167.17684946
2020-04-27,194.51,200.0,192.5,197.83,271945.7891088
2020-04-28,197.8,199.56,187.3,196.78,309743.32726684
2020-04-29,196.89,198.1,192.42,196.71,217254.9170855
2020-04-30,196.64,220.0,196.64,215.66,682980.03764278
2020-05-01,215.74,227.73,201.66,206.23,709657.93836771
2020-05-02,206.22,217.58,206.14,212.09,281609.21183571
2020-05-03,211.98,215.71,210.38,214.25,149995.32919824
2020-05-04,214.25,219.48,203.8,210.24,267548.9816202
2020-05-05,210.24,210.96,195.01,206.86,399056.45035365
2020-05-06,207.0,212.19,200.66,205.43,219699.68629978
2020-05-07,205.48,212.0,197.0,199.13,310066.80089625
2020-05-08,199.09,215.99,196.72,212.56,499789.51231714
2020-05-09,212.5,217.08,207.2,211.62,268966.39462559
2020-05-10,211.6,214.79,208.27,210.0,202425.79363889
2020-05-11,210.06,210.06,178.51,187.73,785628.14769623
2020-05-12,187.65,194.85,175.51,185.93,466708.1048294
2020-05-13,185.93,192.89,185.73,190.1,218632.73805496
2020-05-14,189.93,201.59,188.34,199.92,268035.41940752
2020-05-15,199.92,206.32,195.53,203.4,330070.63716341
2020-05-16,203.4,204.3,191.3,194.7,275660.17066673
2020-05-17,194.66,203.39,193.08,200.53,173677.52598224
2020-05-18,200.5,210.0,199.1,207.05,204292.92542918
2020-05-19,206.94,217.1,206.94,214.83,323666.24648924
2020-05-20,214.86,215.99,209.17,214.71,154435.1219229
2020-05-21,214.76,215.64,205.1,209.96,199419.08855115
2020-05-22,209.92,211.65,191.27,198.6,323222.11053909
2020-05-23,198.61,209.34,196.12,207.32,244579.71742587
2020-05-24,207.3,211.5,204.56,206.66,111866.77860006
2020-05-25,206.61,210.86,199.3,199.63,201017.12100722
2020-05-26,199.65,205.78,197.35,204.06,146489.38528238
2020-05-27,204.13,205.03,196.51,200.91,196929.60511229
2020-05-28,200.95,208.6,200.76,208.41,158028.87142938
2020-05-29,208.41,220.73,204.5,220.26,283385.5887123
2020-05-30,220.53,224.9,216.66,220.62,265129.33017803
2020-05-31,220.55,247.43,218.33,243.7,460563.71286013
2020-06-01,243.85,245.48,229.46,231.54,301439.22433349
2020-06-02,231.43,252.18,230.48,248.41,412622.83233874
2020-06-03,248.42,253.6,218.48,237.55,538756.00033127
2020-06-04,237.7,245.39,233.28,244.77,231588.88665311
2020-06-05,244.59,246.73,235.54,243.18,296217.10475383
2020-06-06,243.21,248.12,238.65,240.04,210738.22493451
2020-06-07,240.04,244.66,237.6,241.98,123744.18142859
2020-06-08,241.98,245.93,233.82,244.81,260171.1046621
2020-06-09,244.79,247.99,240.82,246.55,178474.60312294
2020-06-10,246.64,250.22,215.0,244.03,216114.75950244
2020-06-11,244.01,250.96,241.74,248.0,249764.82093261
2020-06-12,248.07,251.01,225.2,230.15,471351.77887457
2020-06-13,230.14,247.99,227.84,237.53,246592.42439717
2020-06-14,237.7,238.8,234.11,238.17,83630.18386497
2020-06-15,238.18,238.69,229.7,231.34,178003.35635634
2020-06-16,231.34,234.0,217.79,230.98,438960.62844113
2020-06-17,230.96,236.25,228.77,235.34,162863.58050066
2020-06-18,235.35,238.0,227.5,233.71,194778.53262707
2020-06-19,233.69,234.5,227.37,231.05,111832.44151593
2020-06-20,231.05,232.09,226.26,228.66,142110.20869642
2020-06-21,228.67,230.67,224.6,228.8,88977.57727829
2020-06-22,228.82,231.29,226.84,227.81,80704.28394393
2020-06-23,227.87,247.04,227.2,243.33,332026.81343134
2020-06-24,243.24,245.09,240.73,243.12,152682.37703619
2020-06-25,243.08,249.28,230.66,234.44,331773.49689538
2020-06-26,234.44,235.24,227.0,232.29,234628.46388028
2020-06-27,232.3,233.35,226.86,229.44,183663.80509438
2020-06-28,229.45,231.23,215.16,220.76,252677.70458503
2020-06-29,220.74,227.93,217.35,224.94,140623.01173554
2020-06-30,224.8,229.98,220.92,227.87,174337.92556855
2020-07-01,227.81,228.78,222.79,225.48,122793.58739478
2020-07-02,225.5,233.0,223.99,231.03,179734.12734144
2020-07-03,231.19,232.24,222.78,226.48,188613.82687234
2020-07-04,226.47,228.47,224.2,225.06,107225.97854947
2020-07-05,224.98,231.04,224.5,229.34,92441.34664868
2020-07-06,229.24,229.97,223.27,227.67,90289.88847738
2020-07-07,227.62,242.3,227.0,241.84,283375.21856286
2020-07-08,241.71,244.0,234.3,239.37,197098.2335788
2020-07-09,239.37,249.05,237.87,247.14,249673.17881684
2020-07-10,247.11,247.85,237.04,241.89,224518.3583658
2020-07-11,242.0,242.23,235.0,241.2,148169.24772279
2020-07-12,241.26,241.78,236.47,239.17,88219.51093949
2020-07-13,239.27,244.07,235.98,243.0,146521.12826307
2020-07-14,243.0,245.47,236.94,239.44,253226.44468648
2020-07-15,239.24,242.19,236.66,240.43,142681.10909351
2020-07-16,240.4,241.44,236.36,238.33,175581.29996294
2020-07-17,238.35,239.38,229.44,233.41,226275.37998917
2020-07-18,233.47,235.1,230.87,232.7,130605.85853086
2020-07-19,232.7,237.14,232.24,235.79,82847.28518794
2020-07-20,235.77,240.11,233.0,239.24,97342.14696482
2020-07-21,239.26,239.92,233.85,235.98,144543.6323955
2020-07-22,236.12,247.18,235.58,245.88,254171.50107097
2020-07-23,246.01,270.0,241.62,264.28,290342.63698072
2020-07-24,264.28,282.6,260.0,275.66,563191.29449952
2020-07-25,275.56,288.99,267.96,279.59,359275.70365926
2020-07-26,279.66,310.0,279.52,305.66,448622.89561453
2020-07-27,305.55,320.8,300.2,311.35,457229.42522219
2020-07-28,311.43,334.41,307.7,322.24,783703.14035177
2020-07-29,322.41,327.62,305.76,317.59,404303.79799298
2020-07-30,317.52,330.02,312.66,318.24,287028.8824398
2020-07-31,318.15,343.0,313.78,335.31,331049.90753072
2020-08-01,335.25,349.94,328.35,346.86,362982.26730206
2020-08-02,346.86,395.0,343.64,387.32,549946.53757738
2020-08-03,387.4,419.37,300.0,372.17,988265.52441862
2020-08-04,372.19,399.69,366.34,386.3,435052.79666218
2020-08-05,386.27,403.64,380.67,389.82,425209.56903965
2020-08-06,389.76,408.49,383.6,401.21,351592.97773646
2020-08-07,401.21,404.2,389.64,395.28,241947.05263024
2020-08-08,395.28,399.22,360.0,379.75,451001.83678475
2020-08-09,379.76,400.06,376.04,397.51,190752.65866672
2020-08-10,397.5,401.0,381.06,390.41,229495.18043986
2020-08-11,390.32,400.53,384.61,395.9,344212.80398287
2020-08-12,395.77,398.76,364.77,378.88,437360.41917005
2020-08-13,378.92,389.6,364.25,387.27,326976.44481081
2020-08-14,387.27,432.94,375.8,424.94,630889.95626873
2020-08-15,425.0,445.45,417.52,438.83,555778.92497192
2020-08-16,438.83,443.54,422.01,432.55,270337.42127563
2020-08-17,432.67,437.49,412.43,433.7,309649.56162582
2020-08-18,433.71,447.72,420.0,431.5,391398.2003947
2020-08-19,431.5,434.52,412.11,422.31,277002.35923411
2020-08-20,422.31,426.97,393.0,407.59,400097.23831897
2020-08-21,407.6,419.68,402.3,415.92,259068.23045828
2020-08-22,416.19,419.08,383.0,388.07,392505.89621073
2020-08-23,388.0,399.73,378.98,395.62,238738.26015565
2020-08-24,395.52,400.0,383.66,390.86,133416.15238646
2020-08-25,390.91,411.97,387.61,407.92,276491.3071883
2020-08-26,407.9,409.31,368.88,383.33,374705.51707237
2020-08-27,383.26,393.56,376.38,386.1,263218.68221315
2020-08-28,385.91,397.46,368.5,383.16,251514.55726784
2020-08-29,383.27,398.32,379.67,395.47,215138.40171338
2020-08-30,395.35,405.96,392.3,398.58,168503.18758537
2020-08-31,398.57,430.0,398.24,428.94,295583.45263378
2020-09-01,428.92,439.58,417.77,433.98,287842.16993277
2020-09-02,433.88,489.57,428.68,475.59,583206.76197449
2020-09-03,475.57,481.64,420.01,440.02,643185.24658076
2020-09-04,439.99,451.42,370.0,382.87,795783.83338717
2020-09-05,382.15,400.79,358.88,385.82,579040.23116148
2020-09-06,386.12,394.86,305.92,335.25,1099063.2013662
2020-09-07,335.25,360.66,316.43,352.65,528564.56564369
2020-09-08,352.85,358.66,323.17,353.71,409014.49789565
2020-09-09,353.71,357.01,325.34,337.28,392525.67566471
2020-09-10,337.48,362.0,330.6,351.29,296142.88110512
2020-09-11,351.11,377.88,350.19,368.06,386727.40123597
2020-09-12,367.94,375.42,355.52,373.93,240918.30504286
2020-09-13,373.93,388.75,364.73,387.81,191131.87130679
2020-09-14,387.72,390.65,349.0,366.41,306059.71098565
2020-09-15,366.51,385.0,355.66,377.28,348570.61808914
2020-09-16,377.27,382.76,362.0,364.2,314137.61171017
2020-09-17,364.05,373.82,354.85,365.23,261679.49585921
2020-09-18,365.0,394.68,363.29,389.45,371870.58985576
2020-09-19,389.52,392.69,375.19,384.45,257058.65160831
2020-09-20,384.6,388.43,377.11,385.23,108237.18004946
2020-09-21,385.25,385.45,364.89,370.86,160096.9447077
2020-09-22,371.03,376.9,330.77,340.11,480354.55982419
2020-09-23,340.36,346.94,335.33,344.26,239218.37584657
2020-09-24,344.25,344.83,313.0,320.63,366390.5942876
2020-09-25,320.18,353.4,316.65,349.14,365843.13892366
2020-09-26,349.14,358.12,337.59,351.9,261143.59091723
2020-09-27,351.9,356.62,346.03,354.17,104650.65342964
2020-09-28,354.01,362.86,347.05,357.55,148463.22779249
2020-09-29,357.53,369.08,351.52,353.85,203823.55118
2020-09-30,353.88,360.8,350.19,359.9,208454.81721313
2020-10-01,359.93,361.51,351.29,359.89,127701.45667952
2020-10-02,360.01,371.32,345.01,353.0,241662.24943241
2020-10-03,352.84,354.48,334.19,345.7,280934.26397968
2020-10-04,345.74,351.26,343.71,346.18,71735.54446334
2020-10-05,346.18,354.45,344.0,352.48,90708.57160602
2020-10-06,352.42,356.12,348.46,353.57,99524.77477025
2020-10-07,353.82,355.33,336.51,340.78,214144.09863301
2020-10-08,340.8,342.98,332.87,341.68,259691.44229751
2020-10-09,341.7,353.45,333.82,351.25,175895.00014794
2020-10-10,351.17,368.7,339.91,365.36,218493.60381942
2020-10-11,365.35,380.81,365.02,370.75,192509.12353778
2020-10-12,370.73,377.55,369.02,374.61,85862.5854378
2020-10-13,374.38,395.81,363.91,387.0,231323.17057921
2020-10-14,386.99,387.88,374.0,381.37,170560.78580489
2020-10-15,381.37,387.63,372.39,379.08,161355.59436792
2020-10-16,379.01,382.24,370.06,377.94,142861.93905583
2020-10-17,377.89,380.32,360.74,365.57,211269.25667083
2020-10-18,365.57,370.65,363.5,368.48,64343.01569255
2020-10-19,368.48,378.8,367.31,378.58,70557.81056154
2020-10-20,378.66,384.98,372.81,379.36,140824.72212992
2020-10-21,379.53,381.74,364.04,368.81,165389.48996175
2020-10-22,368.81,402.62,368.06,391.58,438750.52873449
2020-10-23,391.36,421.65,391.3,414.7,325978.31340253
2020-10-24,414.64,419.52,401.5,409.52,198670.49280419
2020-10-25,409.55,417.0,407.4,412.58,100371.04578607
2020-10-26,412.58,418.13,402.92,406.46,97917.90760495
2020-10-27,406.32,411.47,382.21,393.12,270290.38365819
2020-10-28,393.48,411.77,390.35,403.65,190414.38459795
2020-10-29,403.55,409.52,380.36,388.63,247313.04031186
2020-10-30,388.59,394.17,380.53,387.34,208186.53451741
2020-10-31,387.49,392.16,373.4,382.77,212609.76015536
2020-11-01,382.77,394.0,380.76,386.74,123961.2936425
2020-11-02,386.72,398.13,385.0,396.91,88905.95632662
2020-11-03,396.91,404.57,378.16,383.33,277083.6991548
2020-11-04,383.33,390.63,370.4,388.42,193130.33522237
2020-11-05,388.33,409.0,375.05,403.18,366675.64007457
2020-11-06,403.19,421.64,395.93,417.17,416412.42401424
2020-11-07,417.04,458.92,415.52,456.65,546320.62074321
2020-11-08,456.69,468.98,423.0,435.85,497268.6723153
2020-11-09,435.85,460.89,432.65,454.61,202294.14247652
2020-11-10,454.5,460.0,433.83,444.81,325266.41544219
2020-11-11,444.84,455.51,439.0,450.89,236375.32932396
2020-11-12,450.89,477.0,449.95,463.79,343257.93944329
2020-11-13,463.8,470.61,451.1,462.98,300235.4071351
2020-11-14,462.91,478.77,457.64,477.06,269901.32680279
2020-11-15,477.15,478.35,451.88,461.16,190851.30761767
2020-11-16,461.21,463.46,439.77,448.58,169555.40772675
2020-11-17,448.6,466.49,445.91,460.85,208604.60386318
2020-11-18,460.87,485.36,460.05,482.68,360942.80782129
2020-11-19,482.75,496.0,454.56,478.96,556208.9736531
2020-11-20,479.0,481.99,465.0,471.9,247314.30565674
2020-11-21,471.92,515.19,471.07,510.43,539544.6009221
2020-11-22,510.6,554.68,502.72,553.07,465751.80963649
2020-11-23,553.06,581.92,511.16,560.82,632502.44262492
2020-11-24,560.78,611.78,549.99,609.35,743176.32690835
2020-11-25,609.26,623.67,587.25,605.45,665463.07239462
2020-11-26,605.45,606.66,554.0,569.52,462822.7832536
2020-11-27,569.19,577.43,478.38,520.34,1136903.64106613
2020-11-28,520.35,531.41,493.44,519.07,404348.9381142
2020-11-29,519.04,548.83,505.01,538.15,340491.47421722
2020-11-30,537.97,577.55,530.54,576.22,276842.62421501
2020-12-01,576.61,617.37,570.76,617.0,580072.38858994
2020-12-02,617.0,636.93,555.71,586.03,749042.32803456
2020-12-03,585.87,605.34,575.08,597.74,328793.7135985
2020-12-04,597.5,624.78,586.0,616.77,344376.20989323
2020-12-05,616.57,620.92,565.62,567.79,438514.17823919
2020-12-06,567.76,597.91,561.0,597.29,190081.80092623
2020-12-07,597.29,607.68,582.77,601.95,199864.83114675
2020-12-08,601.97,603.52,584.54,591.65,154280.06283974
2020-12-09,591.53,595.47,548.12,554.79,379933.83050593
2020-12-10,554.8,578.67,530.0,573.38,532695.76847293
2020-12-11,573.26,575.62,547.83,558.43,238523.22879435
2020-12-12,559.04,560.62,535.03,544.23,411437.3303408
2020-12-13,544.51,574.52,543.07,568.64,204635.39797143
2020-12-14,568.64,595.21,563.45,590.71,220903.68603497
2020-12-15,590.45,591.72,575.2,586.39,200029.72802494
2020-12-16,586.4,597.61,576.72,589.08,183297.10984362
2020-12-17,589.08,640.25,581.0,637.98,505214.82704227
2020-12-18,637.91,677.05,625.86,643.37,809194.49148232
2020-12-19,643.26,664.46,628.6,655.0,292937.44145712
2020-12-20,654.66,672.06,645.6,658.96,349855.14422884
2020-12-21,658.8,661.48,621.46,638.28,317829.05444663
2020-12-22,638.19,648.35,595.22,608.07,546566.02270121
2020-12-23,608.07,638.5,587.54,637.46,389138.35477905
2020-12-24,637.46,638.8,550.0,585.5,554608.98508101
2020-12-25,585.37,615.19,565.61,612.27,343826.56490499
2020-12-26,612.25,633.97,603.92,626.75,291590.30157963
2020-12-27,626.71,652.73,615.22,636.7,357925.68447963
2020-12-28,636.7,715.43,616.03,684.12,827527.48273597
2020-12-29,684.11,747.26,680.39,729.7,754321.38713471
2020-12-30,729.65,739.81,686.76,731.84,543520.2023578
2020-12-31,731.79,759.0,716.23,752.5,518988.5906234
2021-01-01,752.87,756.11,721.0,737.67,399249.09059969
