date,open,high,low,close,volume
2016-02-06,3.1832,3.18321,3.10001,3.11,15.13671642
2016-02-07,3.1052,3.1266,3.045,3.1184,272.71898882
2016-02-08,3.11129,3.11129,3.03,3.03,285.86610273
2016-02-09,3.03,3.07999,2.93229,2.98943,864.63495188
2016-02-10,2.99082,3.07999,2.99082,3.05,979.00488558
2016-02-11,3.05,3.09509,2.96054,3.06,1329.99765372
2016-02-12,3.06,3.1,2.89833,2.92586,16500.94268035
2016-02-13,3.04999,3.09597,2.93886,3.02501,429.38646408
2016-02-14,3.02507,3.15453,3.02502,3.04433,696.97339089
2016-02-15,3.15,3.1784,3.072,3.14,644.92594808
2016-02-16,3.09266,3.17521,2.89832,3.04434,256.25577804
2016-02-17,3.12288,3.22195,3.0692,3.13609,530.37997509
2016-02-18,3.13383,3.27026,2.89137,3.17947,704.21626155
2016-02-19,3.17949,3.25775,3.15001,3.19,984.8968173
2016-02-20,3.19,3.22,3.185,3.201,269.84062156
2016-02-21,3.201,3.48697,3.195,3.41555,1616.24413295
2016-02-22,3.40658,3.54671,3.10001,3.42,3334.34804129
2016-02-23,3.32779,3.46999,3.3,3.39,1181.89358095
2016-02-24,3.39,3.44482,3.30057,3.32555,671.81207535
2016-02-25,3.30392,3.30392,3.30226,3.30226,50.57
2016-02-26,3.3229,3.39065,3.30101,3.37213,457.3491626
2016-02-27,3.31,3.39065,3.28,3.39065,836.74697517
2016-02-28,3.37726,3.4326,3.3505,3.37,94.51013632
2016-02-29,3.37,3.45254,3.31002,3.38838,152.53975621
2016-03-01,3.46473,3.48281,3.37701,3.37701,68.56711225
2016-03-02,3.38009,3.42212,3.31505,3.34515,2294.32007126
2016-03-03,3.34515,3.40647,3.07366,3.25417,2600.28951738
2016-03-04,3.25523,3.334,3.032,3.21,2266.52638372
2016-03-05,3.31269,3.33084,2.97001,3.23703,4322.08541943
2016-03-06,3.14105,3.22008,2.63158,3.11255,2873.70100555
2016-03-07,3.11256,3.25,2.85976,3.17857,2654.99997707
2016-03-08,3.11753,3.25,3.11753,3.24997,403.25475099
2016-03-09,3.24997,3.30204,3.21,3.25205,323.22470782
2016-03-10,3.19657,3.35,3.19657,3.24532,837.90983641
2016-03-11,3.24534,3.34947,3.21016,3.22005,532.18536757
2016-03-12,3.33893,3.41545,3.22351,3.30419,1166.87022209
2016-03-13,3.30435,3.36484,2.91,3.19561,1326.00663688
2016-03-14,3.29679,3.29679,3.0254,3.27333,595.45654728
2016-03-15,3.27395,3.29862,2.91,3.25,610.46195145
2016-03-16,3.25,3.29989,3.0,3.29,1200.41553304
2016-03-17,3.265,3.29,3.22,3.29,1599.90811584
2016-03-18,3.29381,3.32994,3.24108,3.26422,226.81413743
2016-03-19,3.31152,3.31152,3.11315,3.14133,471.70016364
2016-03-20,3.18674,3.21297,3.14641,3.16,32.85697657
2016-03-21,3.16,3.26415,3.14302,3.16214,223.53036078
2016-03-22,3.16046,3.22021,3.13139,3.16013,312.87510305
2016-03-23,3.16013,3.26218,3.16013,3.18301,174.4361851
2016-03-24,3.1709,3.26373,3.1709,3.18764,71.63257845
2016-03-25,3.18132,3.25,2.37644,3.02613,1699.36417098
2016-03-26,3.09661,3.24,3.09661,3.16,276.55612036
2016-03-27,3.21933,3.24579,3.18127,3.23999,190.70751077
2016-03-28,3.23999,3.3326,3.23,3.27648,7641.32707108
2016-03-29,3.26626,3.32687,3.23001,3.23001,247.97004219
2016-03-30,3.23967,3.2554,2.88025,3.2317,861.93456077
2016-03-31,3.20002,3.22,3.16109,3.16109,92.40561495
2016-04-01,3.22,3.29989,3.17049,3.29989,284.59111047
2016-04-02,3.23729,3.29986,3.23345,3.26752,55.86876126
2016-04-03,3.2486,3.2837,3.24494,3.25591,108.09824325
2016-04-04,3.24949,3.27652,3.24118,3.24118,164.80652116
2016-04-05,3.24119,3.27593,3.21,3.24,539.24277303
2016-04-06,3.23,3.29854,3.20202,3.2125,172.82284935
2016-04-07,3.26718,3.29896,3.23001,3.23001,22.67873
2016-04-08,3.25,3.25,3.17702,3.24,213.27600555
2016-04-09,3.22001,3.29892,3.22001,3.24,41.08460934
2016-04-10,3.24001,3.28308,3.21,3.21803,215.37015607
2016-04-11,3.20834,3.25,3.15,3.19009,597.88508951
2016-04-12,3.23185,3.25,3.19,3.22001,214.71668376
2016-04-13,3.25,3.3173,3.21675,3.27129,314.42883732
2016-04-14,3.24502,3.26,3.21,3.21633,1001.9753625
2016-04-15,3.21009,3.259,3.20127,3.21,141.08345354
2016-04-16,3.20158,3.20158,3.20158,3.20158,0.09847
2016-04-20,3.2561,3.26753,3.24783,3.24783,218.34106298
2016-04-21,3.29037,3.29297,3.22516,3.22516,593.22705922
2016-04-22,3.294,3.35,3.1817,3.35,569.85583727
2016-04-23,3.32748,3.34191,3.1,3.34191,1084.02573283
2016-04-24,3.30917,3.33474,3.0299,3.26053,1370.86970571
2016-04-25,3.35,3.64863,3.0126,3.64863,1675.23370193
2016-04-26,3.6307,4.38,3.48001,3.81457,2398.38126781
2016-04-27,3.96734,4.20691,3.85408,4.12315,1239.74512491
2016-04-28,4.12316,4.32789,3.87399,3.87399,5966.36097397
2016-04-29,3.88492,3.89033,3.72,3.8,806.57677654
2016-04-30,3.80001,3.96597,3.75732,3.83853,325.10810198
2016-05-01,3.94136,3.94136,3.66701,3.69254,1515.80142508
2016-05-02,3.64001,3.74312,3.64001,3.67215,207.42177787
2016-05-03,3.71,3.80835,3.49,3.6944,2351.32404729
2016-05-04,3.69668,3.78399,3.65053,3.75,559.66807351
2016-05-05,3.748,3.82098,3.73,3.73,347.07405856
2016-05-06,3.785,3.785,3.69014,3.74534,342.29758225
2016-05-07,3.74933,3.89807,3.70149,3.82774,409.81119309
2016-05-08,3.85705,4.025,3.49001,3.93453,3435.86578292
2016-05-09,3.98397,3.98397,3.89687,3.9264,233.61774865
2016-05-10,3.93775,4.14775,3.86804,4.03778,2474.46296457
2016-05-11,4.03111,4.16169,3.79409,3.79712,1724.79409989
2016-05-12,3.78555,3.9495,3.78555,3.86099,355.05389366
2016-05-13,3.95447,3.95447,3.64,3.87678,2850.82976526
2016-05-14,3.86506,3.99613,3.82011,3.92548,760.05288218
2016-05-15,3.929,4.1104,3.929,3.98954,1318.82248239
2016-05-16,3.97655,4.82789,3.93843,4.1,3327.16413818
2016-05-17,4.1,4.22353,4.0,4.01163,1475.50761877
2016-05-18,3.97914,4.05202,3.66,3.99571,3954.44012477
2016-05-19,3.9261,4.03864,3.92187,4.00677,813.5768853
2016-05-20,3.94962,4.02261,3.55,3.80978,1106.6594471
2016-05-21,3.78538,3.78538,3.64554,3.64554,99.59089518
2016-05-25,3.95357,3.95357,3.95357,3.95357,0.04004004
2016-05-26,3.89049,4.0,3.89049,3.93109,767.77830866
2016-05-27,4.0,4.09516,3.94401,3.99898,520.4400478
2016-05-28,4.08099,4.63515,4.08099,4.41961,3209.51101629
2016-05-29,4.43348,4.71458,4.32118,4.54663,7332.36159466
2016-05-30,4.54,4.69221,4.3,4.47025,2512.52018374
2016-05-31,4.47028,4.61561,4.03,4.47715,1443.61722036
2016-06-01,4.18991,4.65065,4.1,4.5568,758.14069576
2016-06-02,4.638,4.76958,4.5131,4.65148,1031.9981597
2016-06-03,4.69332,4.77894,4.56319,4.69049,983.93319825
2016-06-04,4.708,4.89,4.708,4.88618,1092.48292989
2016-06-05,4.8906,5.0,4.71,4.83228,1225.10472552
2016-06-06,4.85443,4.88201,4.8,4.83,680.729179
2016-06-07,4.97013,4.99629,4.87638,4.99629,400.52975192
2016-06-08,4.99629,5.0,4.69313,4.7673,2278.36054329
2016-06-09,4.77896,4.8072,4.71,4.8,721.00998026
2016-06-10,4.8,4.80718,4.72667,4.72667,208.50006167
2016-06-12,4.88672,4.98774,4.88024,4.92369,646.0857611
2016-06-13,5.36379,5.489,5.175,5.28101,1627.89421852
2016-06-14,5.25139,5.49,4.7,5.25872,4816.71846866
2016-06-15,5.31078,5.31078,4.5,5.1661,2267.44786048
2016-06-16,5.20585,5.28002,5.03452,5.20637,1931.93640292
2016-06-17,5.22948,5.71709,5.22948,5.71709,3566.23789852
2016-06-18,5.75,6.25,5.20001,5.89187,6451.48587162
2016-06-19,5.7,5.77,5.44059,5.58396,2692.04408128
2016-06-20,5.50441,5.68524,5.30003,5.5304,2196.29502701
2016-06-21,5.52337,5.62263,4.50577,5.33883,2309.61047186
2016-06-22,5.28824,5.28824,4.59037,4.87,4359.88333564
2016-06-23,4.87,5.0,3.9,4.07154,5306.21123054
2016-06-24,4.11439,4.5,3.58704,4.07699,3338.48943096
2016-06-25,4.0545,4.33763,4.0545,4.32834,233.3303234
2016-06-26,4.39006,4.53489,3.92007,4.27775,961.76446236
2016-06-27,4.20686,4.26324,3.94,4.03,2164.90046777
2016-06-28,4.12726,4.29322,3.9836,4.24816,1375.26671555
2016-06-29,4.08326,4.24586,4.08326,4.08491,1134.90021168
2016-06-30,4.0998,4.11907,3.95419,4.06146,220.77439097
2016-07-01,4.1,4.28999,4.1,4.16053,1373.86309065
2016-07-02,4.27981,4.3876,4.16001,4.18752,2564.73130648
2016-07-03,4.34498,4.88781,4.26511,4.5241,1575.9406158
2016-07-04,4.55001,4.70309,4.05012,4.28375,2496.97293224
2016-07-05,4.21755,4.46639,4.21755,4.46024,524.27061914
2016-07-06,4.41759,4.54996,4.27981,4.54996,1382.98308334
2016-07-07,4.35391,4.52483,4.35391,4.39337,822.20590289
2016-07-08,4.5082,4.5082,3.95,4.00351,2034.88627945
2016-07-09,4.03764,4.25,4.03764,4.25,471.20843677
2016-07-10,4.23302,4.23302,4.0102,4.15,699.94387875
2016-07-11,4.0826,4.13891,4.03715,4.12997,778.12661322
2016-07-12,4.16374,4.21169,4.04933,4.20323,260.30378121
2016-07-13,4.20188,4.20188,4.1,4.2,153.11617223
2016-07-14,4.19726,4.19792,4.10265,4.17853,7.13053839
2016-07-15,4.15,4.20426,4.10001,4.17491,180.72736968
2016-07-16,4.10958,4.19452,4.10238,4.175,951.92381043
2016-07-17,4.18122,4.18122,4.10239,4.10239,72.71965625
2016-07-18,4.14035,4.24999,4.05206,4.13161,2115.87028533
2016-07-19,4.19,4.2432,4.133,4.18051,307.48118549
2016-07-20,4.17096,4.18105,4.1,4.18098,411.59271664
2016-07-21,4.10125,4.19001,4.07543,4.14282,842.94291028
2016-07-22,4.13973,4.14594,4.07156,4.11099,47.87249264
2016-07-23,4.11099,4.13263,3.95001,4.09995,3150.54427268
2016-07-24,4.08065,4.08065,3.9517,3.9517,86.5625219
2016-07-25,3.95552,4.10809,3.95552,4.06187,163.3942575
2016-07-26,4.04648,4.05495,3.958,4.04,280.15220649
2016-07-27,4.04034,4.1995,3.9,3.97287,2911.0910219
2016-07-28,3.95194,4.03707,3.9,3.94306,1911.0532607
2016-07-29,3.95913,4.03205,3.92425,3.95623,286.44914571
2016-07-30,3.99212,4.1132,3.95001,4.1132,309.25400072
2016-07-31,4.09636,4.09636,4.03631,4.04868,16.03016602
2016-08-01,4.04674,4.04674,3.90151,3.94,917.73876814
2016-08-02,3.92137,3.98057,3.84,3.84,1427.98634472
2016-08-03,3.84,3.86071,3.36,3.59459,6986.73075863
2016-08-04,3.46901,3.73913,3.43342,3.73,2418.17331119
2016-08-05,3.76741,3.8,3.68689,3.77644,528.93987288
2016-08-06,3.83549,3.83549,3.61783,3.61783,49.2777173
2016-08-07,3.73329,3.8,3.73329,3.8,146.72227108
2016-08-08,3.79635,3.83607,3.73319,3.73319,91.13731893
2016-08-09,3.75,3.79465,3.38714,3.60152,289.86194564
2016-08-10,3.72,3.80558,3.68706,3.68706,159.88924078
2016-08-11,3.70004,3.82957,3.69479,3.76567,356.5978473
2016-08-12,3.70433,3.78846,3.58062,3.78506,1141.63725857
2016-08-13,3.76685,3.93,3.67405,3.67438,1294.57482011
2016-08-14,3.68577,3.761,3.668,3.668,2195.20719184
2016-08-15,3.64898,3.68333,3.59522,3.60656,160.77677564
2016-08-16,3.61006,3.61006,3.55,3.55202,700.6015997
2016-08-17,3.56982,3.68141,3.55001,3.6399,407.66528807
2016-08-18,3.64687,3.64687,3.61345,3.62985,6.57077414
2016-08-19,3.64408,3.66125,3.58214,3.58214,459.82445775
2016-08-20,3.66009,3.67414,3.60365,3.60365,18.17157337
2016-08-21,3.6094,3.64837,3.6094,3.62751,45.190797
2016-08-22,3.64817,3.68,3.61037,3.61525,304.37870453
2016-08-23,3.61068,3.69263,3.60824,3.67618,1510.13521831
2016-08-24,3.64564,4.04381,3.64564,4.00999,1197.84213822
2016-08-25,4.00696,4.00696,3.86043,3.97149,139.60517441
2016-08-26,3.86,3.97999,3.7188,3.77193,473.4997398
2016-08-27,3.82087,3.85577,3.79555,3.79555,40.89823978
2016-08-28,3.81233,3.81233,3.72472,3.72472,68.22353399
2016-08-29,3.78475,3.78475,3.72003,3.72171,89.94862385
2016-08-30,3.82119,3.83692,3.38726,3.81881,4432.87894966
2016-08-31,3.74,3.79,3.73708,3.79,4056.74913209
2016-09-01,3.79,3.79,3.61281,3.65158,492.19900009
2016-09-02,3.8,3.97994,3.79,3.85834,467.64632754
2016-09-03,3.84913,3.856,3.76766,3.856,162.862037
2016-09-04,3.85507,3.9,3.77426,3.9,387.04061403
2016-09-05,3.93874,4.044,3.87094,3.98,473.20029358
2016-09-06,4.02636,4.02636,3.92666,3.92666,14.59087
2016-09-07,3.92645,3.99331,3.91,3.95,804.81717292
2016-09-08,3.95,4.0413,3.91,3.97,954.21829204
2016-09-09,3.97,4.03844,3.95,4.01,185.27341149
2016-09-10,3.97,4.02,3.94,3.96,517.74070859
2016-09-11,3.96,4.0,3.95,3.97,19.294452
2016-09-12,4.0,4.04717,3.83538,3.93,1297.18975038
2016-09-13,3.93,3.96,3.77,3.88,1074.5625053
2016-09-14,3.88,3.89018,3.79549,3.81,416.33732395
2016-09-15,3.87126,3.88092,3.8,3.83,502.89325138
2016-09-16,3.83,3.95,3.81,3.85,623.34151613
2016-09-17,3.83,3.89,3.8,3.81511,921.85282916
2016-09-18,3.88,3.88,3.80426,3.82,233.54868176
2016-09-19,3.82,4.02554,3.78543,3.86699,1639.196933
2016-09-20,3.87,3.93,3.76,3.8,1521.59142095
2016-09-21,3.85,4.0,3.72001,3.86,2401.56510236
2016-09-22,3.81,6.72,3.61,3.82,3545.29261707
2016-09-23,3.82084,5.05,3.7323,3.79,2634.21223302
2016-09-24,3.79,4.2,3.72178,3.83,993.69638755
2016-09-25,4.06,4.06,3.7328,3.87,234.92039977
2016-09-26,3.86,3.86,3.73282,3.8,301.3143566
2016-09-27,3.84,4.0,3.77124,3.89,1345.3236104
2016-09-28,3.88,3.90308,3.79,3.85,1255.49818651
2016-09-29,3.85,3.9,3.79,3.83,1304.95777604
2016-09-30,3.81,3.88361,3.81,3.88361,948.55512014
2016-10-01,3.86682,3.88242,3.77227,3.81,1617.56230457
2016-10-02,3.81,3.88356,3.81,3.85,611.50038743
2016-10-03,3.85,3.86162,3.82,3.83,113.5503944
2016-10-04,3.83,3.94,3.82536,3.83,980.21068394
2016-10-05,3.83,3.9,3.81,3.85,5161.65058588
2016-10-06,3.8441,3.91,3.77124,3.86532,1996.34405494
2016-10-07,3.84,3.86,3.78,3.82,2658.67566828
2016-10-08,3.82,3.87,3.8,3.86,645.51067042
2016-10-09,3.86,3.88359,3.8,3.86,1154.74449098
2016-10-10,3.86,3.88361,3.78675,3.8,1802.37060403
2016-10-11,3.80124,3.84,3.78278,3.79,589.32196488
2016-10-12,3.79,3.85566,3.75,3.83,1472.00934107
2016-10-13,3.83,3.87006,3.77279,3.8,571.95642028
2016-10-14,3.8,3.93071,3.8,3.83,2260.21716266
2016-10-15,3.90122,3.93532,3.82,3.82,360.84980141
2016-10-16,3.89,3.94,3.83,3.93,125.76706829
2016-10-17,3.94,3.94,3.85387,3.92236,78.6743311
2016-10-18,3.86,3.94,3.82,3.9,430.90614275
2016-10-19,3.84,3.91,3.8,3.9,1188.78974172
2016-10-20,3.84,3.87,3.75008,3.79,1537.22751524
2016-10-21,3.79,3.81,3.75098,3.8,643.89827148
2016-10-22,3.8,3.81,3.75,3.8,745.65489235
2016-10-23,3.79,3.93935,3.75,3.84,1297.5223863
2016-10-24,3.84,3.92362,3.7,3.88,5867.2851464
2016-10-25,3.88,3.91679,3.82,3.84115,668.0175935
2016-10-26,3.87,3.93444,3.8,3.85,1879.91357857
2016-10-27,3.87,3.98681,3.76,3.95921,2643.16181915
2016-10-28,3.96,4.15,3.9,4.02,2066.98573278
2016-10-29,4.02,4.02,3.8418,4.01,1905.64838435
2016-10-30,3.94,4.24,3.8423,4.02563,3342.28563938
2016-10-31,4.06,4.25,3.92,3.95,830.97159078
2016-11-01,3.92,4.07,3.92,3.98,493.37172161
2016-11-02,3.98,4.5,3.38715,4.12,6579.92754147
2016-11-03,4.12,4.35,3.99,4.19,1397.17971092
2016-11-04,4.15,4.34,3.8,3.91627,6402.90659877
2016-11-05,3.9,3.98,3.77,3.89,3103.71463855
2016-11-06,3.88,3.94,3.84061,3.91481,433.143914
2016-11-07,3.86,3.95986,3.85,3.91,463.19843826
2016-11-08,3.9,3.92,3.83,3.88,807.45256673
2016-11-09,3.88,3.91,3.83236,3.84,547.59177023
2016-11-10,3.84,3.99,3.77,3.98,3229.83952701
2016-11-11,3.82228,3.94,3.79,3.8,1019.33445185
2016-11-12,3.84,3.86,3.79,3.85,155.18143078
2016-11-13,3.81,3.85,3.72,3.76,3715.74653844
2016-11-14,3.77,3.94,3.6484,3.9,3972.78636564
2016-11-15,3.85,3.91,3.81,3.86,494.98099751
2016-11-16,3.86,3.96,3.84,3.92,1244.79443062
2016-11-17,3.93,4.06,3.85726,3.94,3169.97195277
2016-11-18,3.94,4.15,3.81,3.86,3842.19221003
2016-11-19,3.86,3.98637,3.85,3.87,547.83191858
2016-11-20,3.88,3.99,3.82003,3.95,1340.05317015
2016-11-21,3.90455,3.99,3.82001,3.89,754.41591193
2016-11-22,3.88,3.94967,3.85926,3.94959,155.23672811
2016-11-23,3.9498,3.99,3.86357,3.9,930.7586795
2016-11-24,3.93,3.97,3.86,3.92124,691.6706225
2016-11-25,3.89,3.93833,3.82965,3.86821,359.11022016
2016-11-26,3.89,3.9318,3.82675,3.9,441.84950258
2016-11-28,3.92618,3.92618,3.83145,3.89175,242.26803523
2016-11-29,3.89,3.92,3.81,3.8988,1007.67912556
2016-11-30,3.84,3.91,3.81,3.82,762.0078073
2016-12-01,3.83,3.98,3.51,3.85,1866.18365902
2016-12-02,3.88531,3.90973,3.84,3.88,288.76358941
2016-12-03,3.89,3.94,3.86524,3.91,641.9450436
2016-12-04,3.93414,3.93515,3.87,3.9,208.09669892
2016-12-05,3.89,3.92,3.86,3.87,441.01096645
2016-12-06,3.86561,3.9105,3.32,3.5,8663.12669709
2016-12-07,3.47,3.56096,3.42,3.49038,647.82662995
2016-12-08,3.54505,3.86,3.47406,3.65,1727.2725646
2016-12-09,3.6754,3.77,3.63,3.69703,2040.14077013
2016-12-10,3.69,3.74,3.61,3.6639,268.16985867
2016-12-11,3.7,3.72,3.63,3.7,270.97933201
2016-12-12,3.69691,3.7,3.60233,3.67,1000.14194527
2016-12-13,3.66,3.69239,3.60012,3.64,1656.15702178
2016-12-14,3.66,3.68,3.62,3.62,125.55501347
2016-12-15,3.62,3.66146,3.59731,3.6,426.64264213
2016-12-16,3.64,3.7,3.5,3.5,340.00419316
2016-12-17,3.64,3.68,3.56,3.64,282.21986519
2016-12-18,3.63,3.72693,3.6,3.71,329.7251348
2016-12-19,3.69,3.74671,3.62,3.71673,289.79869025
2016-12-20,3.71811,3.71811,3.61,3.66,150.95635337
2016-12-21,3.66,3.69,3.61,3.64,135.19150998
2016-12-22,3.64,3.91,3.61972,3.64,1469.24547829
2016-12-23,3.65,3.88,3.58075,3.64677,3554.10285518
2016-12-24,3.68,4.7269,3.65,4.61229,17631.62090493
2016-12-25,4.6,5.14,4.2,4.47,8994.89055295
2016-12-26,4.37,4.49,4.08,4.3,3486.26606204
2016-12-27,4.3,4.4,4.13,4.27,748.71226369
2016-12-28,4.25,4.52,4.18,4.34,2875.97818515
2016-12-29,4.4,4.67967,4.3,4.53,5762.27166487
2016-12-30,4.56,5.0,4.4,4.68,1747.70759214
2016-12-31,4.55,4.69,4.1693,4.35,1275.28725065
2017-01-01,4.39,4.48,4.28,4.36,1487.99071165
2017-01-02,4.37,4.57,4.1,4.43,5494.24242918
2017-01-03,4.47,4.9,4.39162,4.62,7961.42033585
2017-01-04,4.56,4.66928,4.42,4.54,3037.90202973
2017-01-05,4.57,5.99,4.45,4.62,13581.53082719
2017-01-06,4.88,4.88,3.88,4.24,13151.05600127
2017-01-07,4.33795,4.39,3.80528,3.88,4016.24297097
2017-01-08,3.89,4.49,3.63,3.99,5911.7026411
2017-01-09,3.99,4.4,3.91424,4.03,1117.97281411
2017-01-10,4.0,4.55,3.92,4.47632,3668.20394959
2017-01-11,4.29873,4.68,4.29873,4.67767,3086.83382741
2017-01-12,4.50566,4.66446,3.8,3.94,9534.45944963
2017-01-13,3.91,4.14506,3.81,4.03001,2486.55008354
2017-01-14,4.03001,4.63895,3.87154,3.94072,3305.97015117
2017-01-15,4.03618,4.03618,3.87341,3.89579,338.58553001
2017-01-16,3.95,3.96668,3.88105,3.88552,340.85994879
2017-01-17,3.94271,3.94513,3.88106,3.88106,327.43906288
2017-01-18,3.89,4.02973,3.89,3.99982,2696.20032726
2017-01-19,3.92598,3.98301,3.85,3.9,1835.47227955
2017-01-20,3.9,3.9546,3.85,3.8919,557.64666
2017-01-21,3.92638,3.99999,3.86,3.88685,665.43096832
2017-01-22,3.9343,3.95682,3.87003,3.93752,207.4471661
2017-01-23,3.9061,3.93691,3.82451,3.82689,2599.0405854
2017-01-24,3.88969,3.90241,3.82665,3.82665,1101.67858901
2017-01-25,3.82665,3.85,3.72,3.72,4090.78235483
2017-01-26,3.75,3.7501,3.66298,3.71801,1617.23974811
2017-01-27,3.72,3.89699,3.67,3.89417,3284.09708578
2017-01-28,3.8,3.91062,3.8,3.85816,284.3233694
2017-01-29,3.91561,3.968,3.85,3.89844,1748.7115756
2017-01-30,3.88477,3.89,3.8354,3.89,477.02297822
2017-01-31,3.89999,4.69,3.85625,4.1421,7968.78042944
2017-02-01,4.13991,4.20137,4.00926,4.12475,6292.77761939
2017-02-02,4.11786,4.11787,4.0206,4.07618,3943.1857586
2017-02-03,4.07753,4.13263,3.97375,4.05572,2137.29995661
2017-02-04,4.12303,4.12303,3.94046,4.00288,1468.74438509
2017-02-05,4.05,4.08315,3.9,4.0,4221.95316201
2017-02-06,4.01578,4.01578,3.925,3.94289,3318.5300774
2017-02-07,3.94091,3.99897,3.92891,3.95043,756.34828251
2017-02-08,3.95,4.02,3.801,3.98,6940.4498704
2017-02-09,3.98,4.06,3.85003,3.97,15238.74431813
2017-02-10,3.97,4.02814,3.58,3.78,42676.35143306
2017-02-11,3.77,3.89,3.675,3.83,5825.69895645
2017-02-12,3.83,3.95996,3.76,3.84,8649.89094122
2017-02-13,3.84,3.85,3.77,3.8,1957.96111771
2017-02-14,3.8,3.83,3.74,3.79,4580.69177334
2017-02-15,3.74391,3.84348,3.72796,3.84348,5732.31620477
2017-02-16,3.84,3.91,3.80001,3.90418,2334.25431435
2017-02-17,3.88,3.92873,3.84121,3.86,3250.61704267
2017-02-18,3.88,3.95,3.82873,3.91,2542.95773506
2017-02-19,3.91,3.94,3.8,3.84,6607.61085811
2017-02-20,3.82,3.85,3.70101,3.77276,7533.36104466
2017-02-21,3.81,3.85,3.75005,3.81,6093.49744762
2017-02-22,3.81,3.89,3.75521,3.85,5497.04854928
2017-02-23,3.85,3.93,3.85,3.89,4248.54891574
2017-02-24,3.9,4.0,3.87,3.9,6349.89105299
2017-02-25,3.93,4.0,3.76,3.94999,14258.89897716
2017-02-26,3.95,3.98,3.83,3.9,6591.04260249
2017-02-27,3.9,3.93,3.84,3.89,2007.202127
2017-02-28,3.89,3.93,3.80666,3.87,8882.87306624
2017-03-01,3.87,3.94,3.77,3.77,8545.45205688
2017-03-02,3.77,3.98248,3.76,3.86,11792.45063292
2017-03-03,3.87,4.29,3.8,4.04,25779.37056049
2017-03-04,4.08,4.5,3.97095,4.07,13060.19927806
2017-03-05,4.07,4.14,3.88,4.04,7509.10101739
2017-03-06,4.04,4.0457,3.85,4.02,8753.16532251
2017-03-07,4.01,4.1,3.95645,4.1,6825.16356427
2017-03-08,4.1,4.26,3.9,3.99,8269.47648841
2017-03-09,3.95,4.01,3.8,3.86,9528.0184188
2017-03-10,3.84,3.95,3.78,3.92,10357.40555009
2017-03-11,3.92,4.1,3.68,3.8,35380.28641232
2017-03-12,3.78,3.95,3.74584,3.75009,12003.87244057
2017-03-13,3.84,4.0,3.7,3.85081,15611.46192246
2017-03-14,3.93,4.59,3.75422,4.4,64729.69194384
2017-03-15,4.4,4.43,4.06604,4.19,12925.93992773
2017-03-16,4.2,4.45,4.1,4.33,14698.84918811
2017-03-17,4.32,4.61,4.164,4.31,33285.83828834
2017-03-18,4.35,4.35,3.88,4.12,36262.50172879
2017-03-19,4.12,4.43,3.69,4.02,43711.58633732
2017-03-20,4.0,4.12,3.761,3.93,14973.3833026
2017-03-21,3.94,4.2,3.78,4.18,20043.06899637
2017-03-22,4.19,4.2,3.93101,4.04,16614.11307487
2017-03-23,4.01,4.05,3.62,3.86127,49250.19320457
2017-03-24,3.97,4.19999,3.85,3.96,24724.45913295
2017-03-25,3.97,4.5,3.93,4.07015,69088.96133599
2017-03-26,4.11,4.5,3.93534,4.1,34998.05681385
2017-03-27,4.08,4.4,3.82,4.1,29298.32068399
2017-03-28,4.05138,4.19985,3.99474,4.08,33900.0171094
2017-03-29,4.07577,4.25,4.04905,4.2,22520.47857908
2017-03-30,4.18839,4.5,4.12,4.3,38523.74983906
2017-03-31,4.3357,9.9,4.26,7.49488,466332.0200468
2017-04-01,7.89,7.9,5.75,7.25,337713.86608774
2017-04-02,7.25,7.73,6.63232,7.61,161170.35368099
2017-04-03,7.57,8.88,7.03,8.34,266046.49007206
2017-04-04,8.37,9.5,7.5,8.61,267460.60369849
2017-04-05,8.61,9.8,8.34646,9.15,264504.33434777
2017-04-06,9.15,13.76999,8.85,13.0,687940.25529441
2017-04-07,12.9,13.19,9.7,10.91921,774763.4531232
2017-04-08,10.86,11.59799,9.39,9.89,325223.92644056
2017-04-09,9.98,11.42851,9.83,10.79,170284.63928453
2017-04-10,10.79,10.99,8.57,9.26,253653.6897672
2017-04-11,9.36,10.18511,8.89,9.87,203106.59753832
2017-04-12,9.87,10.4575,9.45,9.71,159099.93951791
2017-04-13,9.72,12.7,9.55189,11.69,429316.0628221
2017-04-14,11.69,11.78821,10.55001,11.06,213454.92598192
2017-04-15,11.1,11.92599,11.02389,11.75,160215.08875609
2017-04-16,11.75,12.15002,10.46,11.69,141986.89903706
2017-04-17,11.72,11.8872,11.44,11.7,53087.99705819
2017-04-18,11.7,12.93043,10.95,11.15,270103.11762961
2017-04-19,11.15,11.52751,10.27,10.95,311617.50443389
2017-04-20,10.95,11.09,10.00029,10.21,158671.30126541
2017-04-21,10.21,11.4,10.10003,11.0,230627.82656786
2017-04-22,10.99,12.52,10.85,12.12,404639.40986728
2017-04-23,12.06372,16.0,11.88888,14.35,552238.58673622
2017-04-24,14.35,16.14,14.0023,15.38,509616.18721747
2017-04-25,15.38,15.41,14.1,15.07,266695.54096504
2017-04-26,15.07,15.75,14.30039,15.53,246394.49919834
2017-04-27,15.53,16.17,14.65,15.09,364609.24719718
2017-04-28,15.08,15.51,13.47,14.98,448305.79766557
2017-04-29,14.99,15.12,14.21894,14.75,245686.59169916
2017-04-30,14.73,16.4,14.50065,16.34,281046.71910301
2017-05-01,16.35,16.74,15.37563,16.2,280622.74390846
2017-05-02,16.2,17.3,14.66353,16.46,290678.7032197
2017-05-03,16.43,16.62,15.1,16.24,137647.02586739
2017-05-04,16.16799,36.0,15.84524,22.01,1318322.93440706
2017-05-05,21.94,29.75,20.77637,24.16,1549998.9209365
2017-05-06,24.2,28.69,23.52499,26.33,841923.30098866
2017-05-07,25.79869,28.88,25.52809,28.43,453405.76547557
2017-05-08,28.43,32.3,25.23049,30.62,789852.43598311
2017-05-09,28.01062,30.62,26.00001,28.86,476806.04291204
2017-05-10,28.89,37.0,22.67,33.5,790644.03794758
2017-05-11,33.27,38.91,30.0,32.82,941446.91288701
2017-05-12,32.85,35.5,28.2,30.69,595942.29986305
2017-05-13,30.69,31.59,25.06,27.19,528495.14664972
2017-05-14,27.15,29.21,25.04,29.09,364166.36515624
2017-05-15,29.11,30.6,27.40754,28.9,262547.88736022
2017-05-16,28.9,29.11,25.07631,25.61,384102.19518492
2017-05-17,25.57,25.78,20.75,23.6,710989.90107411
2017-05-18,23.77404,27.4255,20.31,25.3,906099.99024522
2017-05-19,25.3,29.89,24.63,28.58,601833.04298974
2017-05-20,28.54,29.21996,26.3006,27.55,508652.74495764
2017-05-21,27.54,27.94,26.60003,26.97611,236630.902354
2017-05-22,27.34,28.90348,24.87001,25.92,377538.67306422
2017-05-23,25.95,26.99,20.55,24.71,618227.35514929
2017-05-24,24.73,31.78,23.49892,31.06,662857.38000951
2017-05-25,31.05,35.88,29.91456,34.31,714397.18839168
2017-05-26,34.28,35.5,25.26,29.63,648619.87896759
2017-05-27,29.64,32.0,24.2025,24.92642,617260.96449473
2017-05-28,25.03165,26.96,17.5,23.5,630253.41482455
2017-05-29,23.48,26.95,21.13,24.73,375500.83800026
2017-05-30,24.76,26.72,22.79915,25.77,289533.7043431
2017-05-31,25.77,26.65699,23.0,24.19,409035.85365712
2017-06-01,24.18,26.29998,23.28613,25.88,373699.51772696
2017-06-02,25.88,29.94,25.455,27.74,658653.65438851
2017-06-03,27.36942,28.95,26.56,27.89,303795.73085573
2017-06-04,27.9997,28.3,26.79,27.4,248978.37652394
2017-06-05,27.4,27.99998,26.79,27.79,255153.0251287
2017-06-06,27.79,31.8,27.75205,30.7,564762.63985658
2017-06-07,30.66,31.33,28.08,30.12,563551.96652599
2017-06-08,30.18994,30.8,27.65,28.6,348258.37596199
2017-06-09,28.61,30.85,27.99,30.08,323798.76222629
2017-06-10,30.22208,31.2,29.5,29.56,338178.08462771
2017-06-11,29.56,30.25,28.5,28.77335,402854.75433228
2017-06-12,30.16,35.5,28.55002,33.34999,549695.86527163
2017-06-13,31.81,32.08,25.0,29.06,533315.77375727
2017-06-14,29.06,30.65,28.03555,30.3,356443.31641708
2017-06-15,30.32,32.0,27.49999,28.81,587578.88219937
2017-06-16,28.81,30.0,23.435,28.97,618818.08331597
2017-06-17,28.98,34.41982,27.65,33.89,651968.03411685
2017-06-18,33.89,49.0,33.61,46.01,2272587.22810523
2017-06-19,46.01,46.65,39.56,43.66,1068904.08806809
2017-06-20,43.67,51.0,42.00001,47.63,1270780.5930388
2017-06-21,47.63,48.45,39.5,45.62,709732.76777887
2017-06-22,45.62,46.6,41.05331,44.0,432153.92583453
2017-06-23,43.81989,47.89,42.46133,45.98,420320.16913408
2017-06-24,46.0,46.97,44.72167,45.175,244049.85706074
2017-06-25,45.17502,46.13,40.75,43.05,347248.01517159
2017-06-26,43.11,43.76,37.37309,40.34004,455270.74759029
2017-06-27,40.34004,41.98,33.0,38.15,677072.86773674
2017-06-28,38.16,40.5,33.50001,39.325,629602.4791716
2017-06-29,40.5,43.75,37.51388,42.0,547324.798394289
2017-06-30,41.96,42.34917,39.28,40.2,274551.8453715
2017-07-01,40.064,41.31,38.76178,39.49,229932.44765854
2017-07-02,39.49,40.0,36.5,38.37,215036.72639625
2017-07-03,38.35,42.0,36.45358,41.59,285032.30337796
2017-07-04,41.23703,47.7,40.38,45.51,763507.77243998
2017-07-05,45.56,55.4,45.15,54.89,1326511.42188414
2017-07-06,54.98,57.75,48.95,53.4,970782.56075458
2017-07-07,53.31,53.6,49.44,51.19,417701.70791796
2017-07-08,51.2,51.5999,44.28,46.21,745669.14936628
2017-07-09,46.19,52.61,44.18,51.27,585594.56475095
2017-07-10,51.27,52.55,48.24701,48.76,341859.17974733
2017-07-11,48.76,49.91,42.1,44.82,660021.13394988
2017-07-12,44.81,48.75,41.15218,43.87,652973.78666836
2017-07-13,43.93,48.99,42.0,47.0,606041.76243858
2017-07-14,47.0,47.88,43.40001,45.48,310052.79643927
2017-07-15,45.49,46.0,40.0,42.74,520506.16524269
2017-07-16,42.52,42.99,37.37001,38.14,668246.48342381
2017-07-17,38.14,41.99,34.78,40.53231,806308.25126071
2017-07-18,40.69,43.29998,39.19499,42.36,645679.41943559
2017-07-19,42.35,46.0,40.56,43.47451,568231.99095951
2017-07-20,43.47451,44.12097,38.02352,40.19,458380.96646617
2017-07-21,40.22,46.0,39.95,44.72,598173.07692034
2017-07-22,44.72,48.0,43.78135,45.25,582478.27210056
2017-07-23,45.25,47.52,44.47,46.7,238341.16994275
2017-07-24,46.69,47.09992,43.37,45.23,221326.36273849
2017-07-25,45.23,45.89999,43.6,45.01,183352.36691529
2017-07-26,45.01,45.3,39.58359,42.21,416964.54303312
2017-07-27,42.21,43.0,40.18292,41.99,298462.38780964
2017-07-28,42.1,42.86,40.8,41.87,230678.27912072
2017-07-29,41.86789,45.0,40.02,40.55,279705.40013327
2017-07-30,40.35,41.5,38.25,41.01,296965.12566512
2017-07-31,41.0,42.16,39.3,40.82,165314.68663907
2017-08-01,40.81,43.8,37.39,42.27,418012.95383678
2017-08-02,42.25,44.9,39.72,43.0,389523.630262959
2017-08-03,43.0,43.31838,41.12001,41.82,219729.40661027
2017-08-04,41.78,43.11778,41.66795,42.49,125909.9132977
2017-08-05,42.5,43.86646,42.30312,43.07,148046.30731183
2017-08-06,43.07,47.09,43.02,45.85,439983.77000228
2017-08-07,45.88,46.92,44.73,45.33,220755.58529692
2017-08-08,45.29,46.79957,45.01,45.99,200816.68554689
2017-08-09,45.99,49.98,45.31,49.06,448227.01081617
2017-08-10,49.06,52.0,46.62001,47.69,372107.058987499
2017-08-11,47.7,48.9,46.75,47.2,198996.2088929
2017-08-12,47.2,48.09999,45.64,47.08,230638.77762384
2017-08-13,47.06,48.44,45.71,46.33,296715.95712837
2017-08-14,46.32,47.42,43.62,45.21,355877.47250298
2017-08-15,45.22,46.8,44.44,45.59,227076.65652814
2017-08-16,45.99425,45.99425,41.15,43.1,392330.84583648
2017-08-17,43.09,46.23,41.89,43.8,271141.574480558
2017-08-18,43.8,45.1004,43.0,43.88,197404.54622938
2017-08-19,43.83,48.0,42.80002,46.69,462196.79239004
2017-08-20,46.69,48.0,42.99,45.18,189942.853726069
2017-08-21,45.17,47.7,43.36,45.57,177507.33072379
2017-08-22,45.57,50.0,44.0,48.5,315687.602876979
2017-08-23,47.99,48.96995,44.32,46.51,301904.067158539
2017-08-24,46.51106,59.0,45.73,53.99794,767337.640167549
2017-08-25,53.31,54.99,49.27,50.555,519235.08313979
2017-08-26,49.75,53.0,49.0001,51.7,309523.466796959
2017-08-27,51.12,53.0,50.0,51.55,207200.55278573
2017-08-28,51.56,64.89,51.14,61.56,1027532.94968892
2017-08-29,61.57,65.0,58.5003,62.39,693067.356823579
2017-08-30,62.39,64.45,60.6,62.78,551982.795777309
2017-08-31,63.53,67.5,60.9,66.03,461169.000906219
2017-09-01,66.02,74.8089,64.96,73.3708,1209270.493458338
2017-09-02,73.23,98.28,71.1112,89.23,2342516.983159145
2017-09-03,89.16,94.03,72.62,79.84,1664356.106593215
2017-09-04,79.84,84.91,74.3,79.44,749365.455738378
2017-09-05,79.45,80.0308,61.0,71.29,1546339.749516617
2017-09-06,71.29,75.89,62.03,74.19,971873.911818968
2017-09-07,74.19,83.33,73.32,82.41,1048901.656336859
2017-09-08,81.47,83.3,76.95,80.42,675375.872239199
2017-09-09,80.23,82.5,67.69,73.7,1338011.64222389
2017-09-10,73.71,75.0,68.5,71.27,502450.769800189
2017-09-11,71.27,72.0,62.57,67.44,711945.061777987
2017-09-12,67.52,71.99,62.4,68.28,541384.426620406
2017-09-13,68.29,72.6,64.6,66.0,726582.16478463
2017-09-14,66.0,66.46,56.8,61.8,1359549.767667765
2017-09-15,61.81,62.88,45.1,45.42,2100872.821305514
2017-09-16,45.42,62.41,33.33,52.29,3773342.67033501
2017-09-17,52.28,59.0,49.74,52.47,1092458.869898908
2017-09-18,52.47,54.1,47.24,51.37,705463.978200336
2017-09-19,51.37,58.48,50.31,56.3,1080255.423529667
2017-09-20,56.3,57.15,50.0,52.95,803243.886539406
2017-09-21,52.47,54.6,50.25,51.57,439007.589105018
2017-09-22,51.58,52.5,45.11,46.61,990764.997578999
2017-09-23,46.65,49.72,44.69,47.81,821444.684444288
2017-09-24,47.83,51.01,46.38,49.41,391405.30515383
2017-09-25,49.4,49.65,46.95,47.7,278928.72931946
2017-09-26,47.71,53.52,47.31,52.22,622027.92369675
2017-09-27,52.22,54.41,51.24,52.34,440959.820798988
2017-09-28,52.34,57.48,51.92,56.88,705222.701296168
2017-09-29,56.89,57.97,53.75,54.87,565976.573614668
2017-09-30,54.87,55.15,50.16,52.62,660689.141636209
2017-10-01,52.62,56.12,52.54,55.26,297436.33256736
2017-10-02,55.26,55.69,53.06,54.69,254458.925732388
2017-10-03,54.7,55.22,52.58,53.37,278088.62616893
2017-10-04,53.37,53.63,51.21,52.15,282827.477134659
2017-10-05,52.15,53.41,50.41,51.16,250883.713353699
2017-10-06,51.16,52.0,50.0,51.67,211424.205594059
2017-10-07,51.67,52.97,51.05,52.08,173675.10359543
2017-10-08,52.12,52.95,51.35,52.57,137921.130484079
2017-10-09,52.58,54.79,52.0,53.27,285324.465691919
2017-10-10,53.27,53.41,48.0,50.04,532423.47642337
2017-10-11,50.04,51.76,48.2,50.62,240575.018779808
2017-10-12,50.41,51.23,49.5,50.81,135721.5135973
2017-10-13,50.81,61.23,48.97,59.55,1111488.546282618
2017-10-14,59.39,60.96,54.54,58.9,1000765.154324768
2017-10-15,58.9,66.85,58.03,63.94,842834.885087118
2017-10-16,63.89,69.62,61.99,65.51,913991.191423987
2017-10-17,65.52,66.4,62.1,64.72,430534.778912509
2017-10-18,64.72,64.99,58.0,59.19,485605.256575849
2017-10-19,59.2,62.49,52.9,60.67,951457.841075188
2017-10-20,60.68,61.72,57.67,59.84,429475.905111649
2017-10-21,59.84,62.8,58.22,60.12,399136.650428309
2017-10-22,60.13,60.38,55.72,58.14,366418.15270225
2017-10-23,58.15,58.89,55.75,56.75,222665.713869019
2017-10-24,56.75,57.04,52.0,54.76,511944.631336077
2017-10-25,54.75,59.9,52.03,55.61,627023.614699056
2017-10-26,55.61,57.23,53.48,56.36,314675.277079918
2017-10-27,56.36,57.5,54.66,55.56,185727.382773709
2017-10-28,55.56,56.32,54.64,54.93,147202.219450138
2017-10-29,55.25,55.98,53.52,54.52,118384.365023579
2017-10-30,54.53,58.1,53.02,56.59,275619.470800047
2017-10-31,56.59,58.42,55.7,56.29,224480.188841638
2017-11-01,56.21,56.92,55.0,55.41,189476.90599524
2017-11-02,55.44,55.7,52.5,53.46,290120.65645464
2017-11-03,53.0,55.01,49.52,54.35,671150.649205508
2017-11-04,54.36,57.29,53.51,56.19,399899.769866879
2017-11-05,56.19,56.3,53.71,54.83,193846.871871949
2017-11-06,55.12,55.53,53.06,54.67,172384.086993419
2017-11-07,54.67,55.92,53.06,54.6,287524.673515192
2017-11-08,54.61,63.84,53.68,60.9,1029811.305005552
2017-11-09,60.61,64.5,56.0,62.43,1045816.846591866
2017-11-10,62.43,67.24,61.2,64.4,813261.135444641
2017-11-11,64.4,65.94,55.78,59.29,1004228.978255867
2017-11-12,59.11,64.0,56.0,62.49,584104.608007455
2017-11-13,62.5,62.75,56.61,58.81,726859.388606064
2017-11-14,58.82,62.6,57.71,61.23,466494.526214787
2017-11-15,61.24,65.0,60.06,63.22,436831.281533694
2017-11-16,62.29,65.43,62.2,63.3,457825.621156938
2017-11-17,63.3,74.7,62.0,70.56,1047387.757870221
2017-11-18,70.56,71.46,64.01,67.5,963216.501975612
2017-11-19,67.51,69.99,65.06,69.35,408479.08679998
2017-11-20,69.36,73.4,68.21,71.7,615474.802488966
2017-11-21,71.7,73.25,69.64,72.62,600177.356657216
2017-11-22,72.0,73.0,67.0,70.0,803210.021727948
2017-11-23,70.0,72.32,69.21,72.0,374307.730684978
2017-11-24,72.26,77.96,69.82,73.3,844225.788533637
2017-11-25,73.31,77.7,71.01,77.54,689089.991283215
2017-11-26,77.54,89.88,75.67,89.13,1186454.422919325
2017-11-27,89.14,89.21,81.0,86.62,815074.059132386
2017-11-28,86.61,93.89,83.75,91.35,1031339.309546737
2017-11-29,91.36,94.88,88.0,94.49,699898.938234246
2017-11-30,94.49,103.65,70.02,86.7,2047576.259274702
2017-12-01,83.88,93.5,75.51,85.82,1231015.870847011
2017-12-02,85.85,100.77,80.85,97.43,1561060.591003265
2017-12-03,100.17,104.75,95.68,98.76,948811.941702089
2017-12-04,99.65,107.49,94.23,101.2,971544.189800627
2017-12-05,100.43,104.5,94.64,103.5,733588.424805988
2017-12-06,104.28,104.29,99.0,101.01,549789.779981478
2017-12-07,101.01,103.9,92.0,100.01,948485.973858409
2017-12-08,100.01,102.48,87.97,93.79,1164652.345786094
2017-12-09,97.95,144.75,89.02,128.97,2843194.764869322
2017-12-10,120.07,199.0,116.44,160.94,4339543.369080054
2017-12-11,160.94,160.95,125.56,150.99,1564514.716581944
2017-12-12,150.63,235.0,140.8,208.03,3193996.991506059
2017-12-13,218.57,420.0,200.5,352.08,5076892.993741764
2017-12-14,352.07,372.55,260.0,312.89,2741069.137266011
2017-12-15,312.89,324.62,252.65,283.8,1760207.881121478
2017-12-16,274.97,322.97,245.0,303.79,2041200.525105617
2017-12-17,299.0,314.97,280.0,306.87,942954.287712332
2017-12-18,306.87,334.87,294.79,324.74,1090695.123780472
2017-12-19,324.75,367.73,293.21,357.12,1377288.896444161
2017-12-20,355.82,380.0,310.0,350.66,1719038.85821088
2017-12-21,346.0,350.66,275.0,305.58,1789857.991711654
2017-12-22,305.59,327.99,275.0,306.0,840938.785552187
2017-12-23,305.95,311.89,144.0,267.79,3854429.48070618
2017-12-24,267.8,321.85,252.48,293.03,1118867.399814411
2017-12-25,293.02,295.99,240.0,274.97,805628.723012045
2017-12-26,278.81,287.4,258.78,273.52,339526.758030103
2017-12-27,273.53,286.99,263.06,280.14,413609.009304705
2017-12-28,280.14,286.76,251.1,264.4,561223.760871075
2017-12-29,264.39,266.87,220.0,251.18,863490.279943002
2017-12-30,251.19,283.0,225.0,245.79,557415.883337685
2017-12-31,245.79,246.0,200.0,216.04,767065.129708252
2018-01-01,216.03,237.88,207.13,227.17,503158.420382169
2018-01-02,227.18,237.77,215.17,225.22,300806.912929236
2018-01-03,225.22,265.0,223.57,250.79,834045.593019584
2018-01-04,250.76,261.49,240.5,244.99,544888.065302323
2018-01-05,244.99,246.92,225.0,238.91,666891.73603043
2018-01-06,238.91,260.0,234.22,246.23,608429.548926859
2018-01-07,246.23,306.8,240.0,279.42,1062227.740481026
2018-01-08,279.42,287.75,252.4,272.13,456163.504103418
2018-01-09,271.12,273.77,226.0,255.15,710205.835617261
2018-01-10,254.01,290.0,236.0,246.85,488582.229442475
2018-01-11,246.9,254.97,230.47,248.81,539955.148108906
2018-01-12,248.82,254.0,216.02,226.91,723409.98392308
2018-01-13,226.91,241.99,219.11,235.52,355077.957753098
2018-01-14,235.37,266.65,230.7,258.0,408188.239519976
2018-01-15,258.01,280.0,232.0,239.0,434087.369394739
2018-01-16,237.63,247.48,230.53,232.51,256938.993978367
2018-01-17,232.51,233.23,146.6,191.13,1675715.550286754
2018-01-18,191.13,216.0,135.0,189.0,1959532.178029708
2018-01-19,189.0,211.0,176.13,192.6,968804.568282086
2018-01-20,192.59,203.92,185.94,192.5,479657.439925918
2018-01-21,192.5,216.6,192.5,211.75,434026.450691607
2018-01-22,210.91,211.65,182.81,191.25,412336.860829168
2018-01-23,190.93,195.85,163.48,180.01,534343.549714117
2018-01-24,179.43,187.39,163.54,178.27,413713.372693697
2018-01-25,178.27,186.13,172.22,180.6,302108.301318748
2018-01-26,180.59,185.66,175.0,178.86,271675.975377238
2018-01-27,178.86,182.7,165.05,175.71,324249.313990438
2018-01-28,175.71,184.07,173.52,179.65,210628.943054877
2018-01-29,179.65,195.0,178.65,191.12,273569.899846914
2018-01-30,191.12,194.25,175.56,179.57,259332.077707068
2018-01-31,179.57,181.16,157.65,164.25,477344.304883571
2018-02-01,163.63,166.66,154.88,161.9,389792.797736163
2018-02-02,161.9,165.0,125.0,140.6,901520.577908133
2018-02-03,140.6,147.0,100.71,130.69,599251.872949362
2018-02-04,130.63,166.6,117.97,160.97,1062214.023455362
2018-02-05,160.88,175.0,135.03,147.07,1393142.943843471
2018-02-06,147.51,154.9,112.0,124.98,1619438.249921243
2018-02-07,124.97,148.87,103.02,141.5,2200099.937792444
2018-02-08,142.0,160.03,129.94,137.8,1195057.995443826
2018-02-09,137.81,151.33,136.01,149.0,582235.167634705
2018-02-10,149.09,164.83,141.41,163.7,632662.510110878
2018-02-11,164.11,169.72,147.01,155.08,733132.925029084
2018-02-12,155.08,156.0,140.75,149.26,402878.744208196
2018-02-13,149.26,165.34,149.02,161.5,423985.325797817
2018-02-14,161.49,162.47,151.31,158.91,255744.167677328
2018-02-15,158.91,220.79,158.91,211.85,2004807.318982511
2018-02-16,211.86,237.72,206.25,221.22,1453280.844282437
2018-02-17,222.65,236.9,209.51,228.24,757547.326866047
2018-02-18,228.24,234.0,223.0,229.9,357723.912613948
2018-02-19,229.9,232.75,212.0,214.5,614451.439927721
2018-02-20,214.31,226.99,213.01,222.1,295867.114041699
2018-02-21,222.11,252.63,221.09,229.5,1242599.245020291
2018-02-22,229.5,232.56,204.26,210.23,951014.156464297
2018-02-23,210.23,222.59,188.03,192.68,833535.841708416
2018-02-24,193.0,216.25,182.0,206.52,828169.472228979
2018-02-25,206.51,218.97,194.4,206.15,646878.205118696
2018-02-26,206.15,223.62,200.0,218.86,584535.08355745
2018-02-27,218.81,262.0,214.43,218.74,824743.600983747
2018-02-28,218.74,224.0,212.1,215.3,433114.234478006
2018-03-01,215.43,223.99,201.03,202.12,474926.512964773
2018-03-02,202.11,215.5,200.01,209.2,364423.336580046
2018-03-03,209.21,213.93,203.82,212.7,266483.724384379
2018-03-04,212.0,218.65,207.98,210.4,342447.004127088
2018-03-05,209.9,215.42,204.62,212.97,210520.784051752
2018-03-06,213.17,216.4,208.25,210.26,191076.457390157
2018-03-07,210.26,210.71,191.2,196.63,465029.044426677
2018-03-08,196.46,199.75,173.73,186.4,729755.6136987
2018-03-09,186.35,189.0,174.2,175.79,471825.679567905
2018-03-10,175.79,190.0,157.27,186.18,926354.699606871
2018-03-11,186.19,195.2,174.31,177.67,383033.585214898
2018-03-12,177.67,194.0,170.6,188.33,416648.068571616
2018-03-13,188.35,193.37,173.32,177.89,417082.876615636
2018-03-14,177.89,182.02,171.0,175.5,326288.963468017
2018-03-15,175.51,178.88,156.18,160.69,489588.738656563
2018-03-16,160.24,168.01,150.0,164.21,639170.800696217
2018-03-17,163.89,172.1,157.82,165.32,387159.111634744
2018-03-18,164.64,165.62,150.4,152.66,379541.394829073
2018-03-19,152.22,157.82,137.01,154.0,741860.164776243
2018-03-20,154.0,164.0,150.46,161.29,521323.407498919
2018-03-21,161.24,174.0,155.31,169.17,480996.743117225
2018-03-22,169.04,175.99,165.12,168.69,419411.014914277
2018-03-23,168.69,172.5,159.49,163.83,325332.313321409
2018-03-24,163.31,169.03,156.62,168.64,292849.356826063
2018-03-25,168.64,169.8,157.82,159.0,232271.374184784
2018-03-26,158.99,164.0,157.07,160.18,169541.282485344
2018-03-27,160.17,161.03,141.7,148.1,455946.113431724
2018-03-28,148.25,149.48,134.46,134.62,465190.335278847
2018-03-29,134.64,139.99,130.0,131.54,351899.473089276
2018-03-30,131.7,132.54,112.0,114.53,887233.967880286
2018-03-31,114.41,126.91,109.0,118.32,816021.261231962
2018-04-01,118.46,125.8,115.17,116.23,368851.560865287
2018-04-02,116.24,118.83,109.33,114.96,320061.761717394
2018-04-03,114.95,122.0,114.04,119.1,279735.026171798
2018-04-04,119.09,159.65,117.99,134.12,509839.731568155
2018-04-05,134.12,135.15,115.07,118.24,547702.246879426
2018-04-06,118.24,122.87,113.15,118.78,435849.605444809
2018-04-07,118.68,120.5,111.63,112.93,272739.743540439
2018-04-08,112.94,119.85,112.68,116.06,229282.485672609
2018-04-09,115.97,118.97,114.95,117.67,168333.343964628
2018-04-10,117.67,122.97,112.55,114.91,412685.459032145
2018-04-11,114.91,115.39,111.0,113.96,257290.462949753
2018-04-12,114.11,119.76,112.99,117.95,215741.148330129
2018-04-13,117.9,131.0,112.61,129.53,953739.205026459
2018-04-14,129.53,133.73,123.7,125.45,676563.321084841
2018-04-15,125.46,130.0,124.1,126.42,225646.722388478
2018-04-16,126.43,134.68,126.43,132.52,268385.69632745
2018-04-17,132.52,133.36,125.11,128.63,311956.878515049
2018-04-18,128.6,140.55,128.55,132.21,504771.306389737
2018-04-19,132.22,141.69,131.85,140.49,338160.471734989
2018-04-20,140.5,147.74,138.7,146.34,351490.269724048
2018-04-21,146.54,156.6,143.19,155.46,513462.661464193
2018-04-22,155.46,157.1,140.61,148.3,443515.998173154
2018-04-23,148.41,153.75,144.6,146.59,239962.404728599
2018-04-24,146.58,153.86,146.07,152.59,247656.371310659
2018-04-25,152.59,166.21,152.58,164.82,645970.794562882
2018-04-26,164.82,165.04,138.8,145.0,800615.255541035
2018-04-27,145.0,154.65,141.96,153.1,311656.777762646
2018-04-28,153.26,153.83,145.03,145.9,299710.97763206
2018-04-29,145.64,153.7,144.44,151.82,201721.8248074
2018-04-30,152.15,156.39,147.94,153.24,201276.240679049
2018-05-01,153.39,154.49,146.82,148.32,184810.1549436
2018-05-02,148.41,148.87,142.73,147.99,259668.090880049
2018-05-03,147.99,153.94,146.18,150.8,181942.035972219
2018-05-04,150.79,164.9,150.43,161.0,430830.629025425
2018-05-05,161.25,171.84,157.19,168.06,378114.542687776
2018-05-06,168.06,183.01,167.03,177.73,424127.152346046
2018-05-07,177.74,183.58,164.14,171.56,349551.742247946
2018-05-08,171.55,171.77,157.25,164.43,375263.221164927
2018-05-09,164.32,168.46,156.9,158.98,327072.467569235
2018-05-10,158.98,160.33,150.12,156.83,265316.882737527
2018-05-11,156.83,160.57,147.49,148.18,102777.223501339
2018-05-12,148.29,148.61,133.2,136.51,531680.294811107
2018-05-13,136.5,145.0,131.11,142.0,270924.407592689
2018-05-14,142.0,147.12,136.42,144.31,191967.628409964
2018-05-15,144.43,153.12,134.5,147.32,489351.930635832
2018-05-16,147.33,149.72,137.51,139.78,280753.448086727
2018-05-17,139.78,141.32,134.34,139.36,210238.63087476
2018-05-18,139.36,141.76,131.26,132.65,202442.7771469
2018-05-19,132.64,137.78,128.89,136.3,240818.106347189
2018-05-20,136.3,138.01,133.0,135.0,102537.953366409
2018-05-21,134.99,141.01,132.2,139.38,126644.393681518
2018-05-22,139.37,139.99,133.27,134.18,120828.3304987
2018-05-23,134.26,136.08,126.94,128.11,150279.3091667
2018-05-24,128.1,129.35,116.12,118.85,359694.033520716
2018-05-25,118.31,125.25,114.94,122.99,244194.784316578
2018-05-26,123.0,124.44,117.0,119.05,161317.54563224
2018-05-27,119.06,122.7,117.46,118.2,90183.901054759
2018-05-28,118.46,118.99,116.28,117.83,84987.19751038
2018-05-29,117.68,119.06,110.22,111.24,221143.799405519
2018-05-30,111.24,122.7,108.25,119.27,226069.167554478
2018-05-31,119.28,122.86,114.98,117.22,158985.92151491
2018-06-01,117.18,120.99,116.12,118.36,129111.865340038
2018-06-02,118.0,120.82,116.68,119.88,103427.96377417
2018-06-03,119.88,124.52,118.52,123.66,112098.77071098
2018-06-04,123.65,128.04,122.21,125.0,151759.686837819
2018-06-05,125.0,126.77,118.0,119.87,127739.300919049
2018-06-06,119.87,122.5,116.02,121.87,148438.49974944
2018-06-07,121.88,122.73,118.33,121.37,114559.417908068
2018-06-08,121.38,123.73,119.16,121.63,103256.841763939
2018-06-09,121.62,122.06,118.27,120.04,88935.587974729
2018-06-10,120.04,121.13,116.41,117.43,64604.020680908
2018-06-11,117.43,117.43,102.87,106.35,415065.194587788
2018-06-12,106.97,109.02,103.0,107.47,253142.395826826
2018-06-13,107.46,108.0,97.46,100.19,317429.736679916
2018-06-14,100.19,100.57,88.69,93.82,447269.706725546
2018-06-15,93.8,103.06,92.56,100.99,388147.514087479
2018-06-16,101.11,101.11,94.74,95.54,169940.091575009
2018-06-17,95.54,97.67,92.79,96.72,103457.24714857
2018-06-18,96.73,98.2,94.55,95.01,72034.19386529
2018-06-19,95.01,99.92,92.96,98.63,173116.41639973
2018-06-20,98.63,101.65,96.86,98.58,145357.91307118
2018-06-21,98.59,99.0,95.24,97.83,108880.099008217
2018-06-22,97.83,99.31,95.93,96.69,93465.1118288
2018-06-23,96.69,96.87,80.29,85.03,457668.478925059
2018-06-24,85.03,87.11,81.57,83.21,166416.172478549
2018-06-25,83.15,83.75,73.33,80.61,454585.105689818
2018-06-26,80.6,84.49,78.68,81.67,275292.44616303
2018-06-27,81.67,82.55,75.37,75.8,196954.50936651
2018-06-28,75.81,81.97,74.85,80.73,219958.913194939
2018-06-29,80.73,81.38,73.93,74.25,222845.227989025
2018-06-30,74.25,80.67,72.43,78.94,290116.607907287
2018-07-01,78.94,84.5,78.94,81.01,204615.068145238
2018-07-02,81.01,81.53,77.62,79.89,104787.3094685
2018-07-03,79.89,86.98,78.14,85.45,220073.61201351
2018-07-04,85.46,90.0,84.01,84.96,266537.118678955
2018-07-05,84.99,89.23,83.34,85.4,144099.40606759
2018-07-06,85.39,86.85,81.85,83.3,170620.35859036
2018-07-07,83.29,84.25,80.65,82.96,112268.9214724
2018-07-08,82.97,85.4,79.42,84.7,126797.093533528
2018-07-09,84.69,86.01,81.83,82.2,102275.369601478
2018-07-10,82.21,83.74,80.0,80.49,143002.824774288
2018-07-11,80.49,80.57,74.37,75.95,253659.141986936
2018-07-12,75.95,80.89,75.46,78.35,148677.680916716
2018-07-13,78.34,78.35,74.11,76.97,158277.821485928
2018-07-14,76.9,78.62,75.07,76.7,151849.34505971
2018-07-15,76.68,77.59,75.45,76.2,76318.94887281
2018-07-16,76.25,79.44,75.31,78.51,95248.942606079
2018-07-17,78.51,84.12,77.58,83.53,183327.769066899
2018-07-18,83.4,90.23,81.35,88.98,288407.413782659
2018-07-19,88.99,94.48,85.1,86.27,329210.656710748
2018-07-20,86.28,88.9,84.98,86.14,154591.486072099
2018-07-21,86.14,86.61,81.0,81.72,205069.62325796
2018-07-22,81.73,84.89,79.28,83.5,107475.512230138
2018-07-23,83.5,84.08,81.55,82.22,84144.062695699
2018-07-24,82.22,85.84,81.14,81.52,182519.715153609
2018-07-25,81.52,89.7,80.78,89.02,280187.753870568
2018-07-26,89.06,90.61,84.64,86.35,191596.09141778
2018-07-27,86.32,87.94,82.78,83.46,129235.06461588
2018-07-28,83.46,85.15,81.38,84.52,150839.306421869
2018-07-29,84.52,84.78,82.35,84.2,62602.97339299
2018-07-30,84.0,85.33,83.26,83.93,55712.63858754
2018-07-31,83.94,84.82,79.73,82.22,149574.74294524
2018-08-01,82.22,82.44,76.01,78.88,207785.221960457
2018-08-02,78.88,79.07,75.57,77.64,153845.362127249
2018-08-03,77.64,78.46,75.49,76.23,112825.41515923
2018-08-04,76.23,77.98,74.76,77.67,136618.99193144
2018-08-05,77.6,78.0,72.01,73.04,128284.333539889
2018-08-06,73.03,74.75,72.26,74.65,83696.34601017
2018-08-07,74.65,76.84,72.3,73.58,116628.70200559
2018-08-08,73.61,75.5,66.6,67.36,244196.988217189
2018-08-09,67.36,67.49,60.85,62.27,462073.284761967
2018-08-10,62.28,65.14,60.1,63.08,238445.231861947
2018-08-11,63.08,63.36,58.1,59.14,251891.035036652
2018-08-12,59.11,60.32,55.12,58.1,284706.144150607
2018-08-13,57.81,61.8,57.23,59.44,174946.8184703
2018-08-14,59.43,60.6,55.66,56.48,202772.5339426
2018-08-15,56.49,56.5,49.33,54.39,515188.131539637
2018-08-16,54.39,59.44,53.89,54.44,551456.381818819
2018-08-17,54.44,57.68,54.13,55.47,177962.82525079
2018-08-18,55.48,62.09,55.02,61.82,265399.51228899
2018-08-19,61.82,62.6,55.24,57.39,178480.960480158
2018-08-20,57.39,59.1,56.31,57.85,111220.81722241
2018-08-21,57.85,58.63,53.19,53.4,335183.565950059
2018-08-22,53.4,56.9,53.15,56.39,141254.45796818
2018-08-23,56.37,59.27,53.87,55.2,300407.76492913
2018-08-24,55.21,57.91,54.9,57.31,125043.68724875
2018-08-25,57.32,58.36,55.55,57.94,119388.44308065
2018-08-26,57.94,58.37,57.06,58.01,65616.776672919
2018-08-27,57.85,58.2,55.8,57.02,81979.82379514
2018-08-28,57.11,61.14,56.58,60.7,147754.347052488
2018-08-29,60.7,63.91,59.7,63.14,229923.23870768
2018-08-30,63.18,63.44,60.19,61.54,165140.21978027
2018-08-31,61.53,61.75,58.58,60.25,151868.603331488
2018-09-01,60.26,62.8,59.44,62.13,120255.42940055
2018-09-02,62.13,68.17,62.07,66.47,232888.837949939
2018-09-03,66.47,67.0,64.1,66.23,146398.004259468
2018-09-04,66.2,66.51,64.3,65.37,110330.86302553
2018-09-05,65.37,69.44,65.32,67.75,195677.62334043
2018-09-06,67.68,68.35,57.4,57.68,430139.234507279
2018-09-07,57.68,57.89,53.73,57.48,429047.476033898
2018-09-08,57.48,58.93,55.01,55.5,169927.060007388
2018-09-09,55.56,57.28,51.62,53.2,174594.43986752
2018-09-10,53.2,56.8,52.06,54.54,144738.959982319
2018-09-11,54.56,56.61,52.93,54.3,151794.21666962
2018-09-12,54.3,54.81,50.0,51.97,237447.95309758
2018-09-13,51.97,52.08,47.04,51.6,349727.111471428
2018-09-14,51.6,55.6,51.6,54.44,299264.675152918
2018-09-15,54.6,58.96,52.88,56.3,322920.406277128
2018-09-16,56.33,59.0,55.5,56.34,139828.981519818
2018-09-17,56.35,57.45,54.28,56.78,128622.56079064
2018-09-18,56.82,57.94,51.31,52.05,281649.334652858
2018-09-19,52.05,55.49,50.51,54.0,203298.375805758
2018-09-20,53.92,55.03,51.54,54.28,242717.380419469
2018-09-21,54.28,57.45,53.36,56.56,165578.363981179
2018-09-22,56.56,63.0,56.3,60.83,361599.873838987
2018-09-23,60.83,61.75,58.0,60.53,178974.02412861
2018-09-24,60.55,63.81,59.76,61.31,186165.06099439
2018-09-25,61.3,61.5,57.07,57.94,222717.694680158
2018-09-26,57.95,58.08,54.33,57.56,290961.771168519
2018-09-27,57.57,59.79,56.26,57.21,223931.037922838
2018-09-28,57.22,65.6,56.52,63.11,479676.682709399
2018-09-29,63.1,64.79,60.05,61.75,221781.93537378
2018-09-30,61.74,62.39,58.52,61.45,142335.02433202
2018-10-01,61.46,62.99,59.48,61.05,166913.5545762
2018-10-02,61.05,61.89,59.08,60.22,168354.284845849
2018-10-03,60.21,61.46,58.59,59.15,128107.951132038
2018-10-04,59.2,59.32,56.3,57.25,172566.020603597
2018-10-05,57.25,58.91,56.52,58.0,119832.286529798
2018-10-06,57.99,59.45,57.23,58.47,97708.25122902
2018-10-07,58.47,58.73,56.69,57.7,73570.962798098
2018-10-08,57.66,58.3,56.44,57.9,69118.22826614
2018-10-09,57.88,59.81,57.23,59.24,119841.26123536
2018-10-10,59.25,59.4,57.69,58.43,78976.99892246
2018-10-11,58.45,58.52,56.67,57.49,111315.6897897
2018-10-12,57.54,57.54,49.72,50.65,430398.642913978
2018-10-13,50.65,53.43,49.82,53.03,170083.83807787
2018-10-14,53.03,53.99,52.37,53.05,90987.10523663
2018-10-15,53.07,53.35,50.85,51.36,81892.86958147
2018-10-16,51.37,58.09,50.86,53.55,385841.440197886
2018-10-17,53.52,54.7,52.45,53.05,138440.186925469
2018-10-18,53.1,54.5,52.1,52.81,123129.63093398
2018-10-19,52.81,53.53,50.95,51.73,104567.326334167
2018-10-20,51.73,53.87,51.44,52.5,104475.9976665
2018-10-21,52.5,53.37,51.95,52.83,59426.040332969
2018-10-22,52.83,53.65,52.0,52.23,59841.565536319
2018-10-23,52.16,52.59,51.4,51.67,85144.189236039
2018-10-24,51.68,52.6,51.29,52.07,78285.924507549
2018-10-25,52.1,52.76,51.7,51.91,72075.9850676
2018-10-26,51.86,52.2,51.52,51.71,50566.10316846
2018-10-27,51.92,52.38,51.1,51.59,80074.89750398
2018-10-28,51.6,51.92,51.24,51.57,41245.527008939
2018-10-29,51.52,51.72,51.11,51.53,44910.34256096
2018-10-30,51.54,51.65,47.11,48.52,210608.39821944
2018-10-31,48.45,49.24,48.0,48.95,109149.24902025
2018-11-01,48.95,50.32,47.59,49.47,103303.11982024
2018-11-02,49.48,50.45,49.35,50.19,76869.9029347
2018-11-03,50.16,51.77,50.04,51.13,89434.02453955
2018-11-04,51.13,51.79,50.29,50.61,48865.83929389
2018-11-05,50.61,55.94,50.22,53.88,182743.61643953
2018-11-06,54.01,54.74,52.58,53.45,134693.438923859
2018-11-07,53.46,56.14,53.38,55.84,172032.799709789
2018-11-08,55.88,56.53,53.13,53.82,142490.77302491
2018-11-09,53.81,54.46,51.83,52.04,115666.41558265
2018-11-10,52.01,52.53,51.07,51.66,86557.3039807
2018-11-11,51.65,52.84,51.27,51.86,33829.75203922
2018-11-12,51.75,52.24,49.33,50.65,78086.81903448
2018-11-13,50.8,51.38,49.93,50.33,75207.0346652
2018-11-14,50.32,50.48,48.23,48.91,120745.248198458
2018-11-15,48.9,49.95,40.0,42.69,677947.161750029
2018-11-16,42.68,43.79,39.41,43.36,381069.34213161
2018-11-17,43.4,43.61,41.0,41.73,143253.121728798
2018-11-18,41.74,42.34,41.06,41.54,85521.04483805
2018-11-19,41.54,43.01,41.5,41.86,86446.89112343
2018-11-20,41.87,41.87,34.73,35.81,627789.93866706
2018-11-21,35.76,37.56,30.22,32.28,949089.330663044
2018-11-22,32.27,34.44,31.0,34.29,450646.449761359
2018-11-23,34.29,34.7,31.1,31.3,255145.03279025
2018-11-24,31.33,32.78,28.47,31.69,331250.296423888
2018-11-25,31.73,32.99,27.67,28.6,429294.755930737
2018-11-26,28.61,32.21,26.31,30.43,685529.071033448
2018-11-27,30.37,31.8,27.55,29.1,575934.567327947
2018-11-28,29.09,31.6,28.15,30.85,351059.517973119
2018-11-29,30.86,36.0,30.69,34.43,599248.259920906
2018-11-30,34.43,35.42,32.7,33.5,351984.574160319
2018-12-01,33.51,34.15,30.64,31.65,314576.726499429
2018-12-02,31.65,37.0,30.96,33.77,224379.850505349
2018-12-03,33.77,34.82,32.74,33.34,200259.68090432
2018-12-04,33.34,33.45,29.49,30.5,347495.751856348
2018-12-05,30.49,31.9,29.5,30.71,216872.273580368
2018-12-06,30.72,31.06,28.58,28.76,278653.55776974
2018-12-07,28.73,30.25,25.73,26.25,439942.140332946
2018-12-08,26.18,26.55,22.17,24.77,932518.573875207
2018-12-09,24.77,26.7,22.87,24.19,497650.02719905
2018-12-10,24.18,26.62,24.06,25.3,300962.360011609
2018-12-11,25.29,25.66,23.47,23.97,296920.494733848
2018-12-12,23.97,24.76,22.69,23.22,239511.1241888
2018-12-13,23.22,24.93,23.01,24.0,231930.501915599
2018-12-14,24.02,24.17,22.64,22.88,244253.256532909
2018-12-15,22.84,23.49,22.17,23.17,300876.956018839
2018-12-16,23.17,24.5,22.0,23.39,199107.77126915
2018-12-17,23.39,26.73,23.28,25.24,530016.91630154
2018-12-18,25.21,30.48,25.12,28.87,729126.33832709
2018-12-19,28.88,30.27,27.65,30.12,384195.6346843
2018-12-20,30.12,31.64,28.6,29.0,598572.73473312
2018-12-21,29.01,33.2,28.64,32.36,653888.000484108
2018-12-22,32.35,33.06,29.57,30.2,545941.902979719
2018-12-23,30.2,31.72,29.68,31.65,178146.67914668
2018-12-24,31.6,33.99,31.43,33.07,320564.910275108
2018-12-25,33.08,36.78,32.34,33.05,655356.90139798
2018-12-26,32.97,33.08,29.0,30.77,399667.354340799
2018-12-27,30.76,32.09,28.87,30.52,331186.093530537
2018-12-28,30.52,31.09,27.46,27.72,304889.53425094
2018-12-29,27.72,33.58,27.69,32.22,419902.30968077
2018-12-30,32.21,33.38,28.0,30.63,266537.07149525
2018-12-31,30.62,32.25,29.95,31.56,190753.11707066
2019-01-01,31.56,31.69,29.23,29.71,239363.293721789
2019-01-02,29.78,32.04,28.73,31.68,197380.65641882
2019-01-03,31.68,33.64,31.33,32.94,207696.0038401
2019-01-04,32.93,33.49,30.97,31.6,159962.767795278
2019-01-05,31.6,32.7,31.0,32.02,186959.60276358
2019-01-06,32.02,36.11,32.01,34.48,445677.5903303
2019-01-07,34.48,40.2,34.03,38.88,622259.713710289
2019-01-08,38.88,39.53,37.08,37.71,322887.491252868
2019-01-09,37.66,41.27,37.48,39.13,500962.761424469
2019-01-10,39.13,40.05,38.31,38.58,218086.03712878
2019-01-11,38.58,39.25,31.8,33.27,660729.369253155
2019-01-12,33.27,39.3,30.43,31.79,350894.660805079
2019-01-13,31.78,32.89,31.15,32.04,146747.87205537
2019-01-14,32.04,33.26,29.51,29.92,326088.58097956
2019-01-15,29.91,32.96,29.74,32.07,254214.79348703
2019-01-16,32.08,32.48,30.11,30.99,241962.247391479
2019-01-17,30.99,32.17,30.6,31.4,130847.25976454
2019-01-18,31.46,37.5,29.91,31.62,219585.33502142
2019-01-19,31.62,31.93,30.55,30.96,121808.868410849
2019-01-20,30.88,33.15,30.79,32.22,157003.484532
2019-01-21,32.21,33.13,30.0,30.61,222140.23201115
2019-01-22,30.61,31.43,30.33,30.82,114895.21790123
2019-01-23,30.83,32.49,29.26,31.48,243238.7985696
2019-01-24,31.47,32.21,31.25,31.6,128959.028115869
2019-01-25,31.6,33.13,31.04,32.47,180320.650664359
2019-01-26,32.47,32.99,31.84,32.73,186601.90793204
2019-01-27,32.65,34.5,32.01,32.64,197466.923251079
2019-01-28,32.63,32.99,31.06,32.01,133839.61265128
2019-01-29,32.02,32.36,29.81,30.96,265659.238076279
2019-01-30,30.97,31.21,29.86,30.69,129030.6007737
2019-01-31,30.69,31.79,30.26,31.53,154734.66458417
2019-02-01,31.53,32.22,30.82,31.18,136842.30962607
2019-02-02,31.27,33.24,30.5,32.28,347884.220911786
2019-02-03,32.26,34.7,32.19,34.15,259707.46988908
2019-02-04,34.18,34.58,32.39,32.87,309368.730568758
2019-02-05,32.88,34.36,32.87,33.64,176187.881400359
2019-02-06,33.65,34.15,33.23,33.94,129790.16593522
2019-02-07,33.95,34.14,30.58,32.47,254090.882235789
2019-02-08,32.48,33.3,32.39,32.85,103513.35785098
2019-02-09,32.85,44.57,32.49,42.52,1267332.579147737
2019-02-10,42.55,46.09,41.75,44.2,632881.42345513
2019-02-11,44.21,47.37,41.51,46.51,596060.459016388
2019-02-12,46.53,46.91,37.5,42.37,513315.803766429
2019-02-13,42.37,44.16,41.4,43.25,297860.570157259
2019-02-14,43.42,44.5,40.16,41.21,327934.4422707
2019-02-15,41.28,42.0,39.47,40.93,214107.491757349
2019-02-16,40.94,44.37,40.55,42.08,288727.8009106
2019-02-17,42.08,44.21,41.74,42.93,227688.51373152
2019-02-18,43.15,45.0,41.97,43.45,272661.475323668
2019-02-19,43.44,48.95,43.11,47.34,744338.873672826
2019-02-20,47.34,48.89,46.07,46.91,374188.219822388
2019-02-21,46.85,52.25,45.82,51.13,534274.706773937
2019-02-22,51.05,51.27,47.45,48.46,340069.978765528
2019-02-23,48.47,50.21,47.57,49.01,257925.118966069
2019-02-24,49.07,51.94,47.65,51.25,355323.610119939
2019-02-25,51.33,53.97,42.44,43.57,864015.557064599
2019-02-26,43.57,47.7,43.2,45.37,372115.063261859
2019-02-27,45.37,45.76,44.0,44.66,203342.181965749
2019-02-28,44.64,45.5,42.33,44.96,272146.7940012
2019-03-01,44.94,47.42,44.38,45.44,274751.023645619
2019-03-02,45.43,49.0,44.67,46.81,288042.793557418
2019-03-03,46.76,49.75,46.1,48.25,165994.848895299
2019-03-04,48.26,49.74,46.78,47.49,130889.97411702
2019-03-05,47.48,48.39,44.4,45.64,253319.774243549
2019-03-06,45.65,54.23,45.21,52.3,612112.603294056
2019-03-07,52.31,56.58,51.11,55.26,453298.33795078
2019-03-08,55.17,58.87,53.63,56.51,556209.477965685
2019-03-09,56.51,58.19,53.88,55.2,334981.31894445
2019-03-10,55.31,59.18,55.12,57.43,328136.810717449
2019-03-11,57.44,57.99,55.57,56.3,175702.843127889
2019-03-12,56.37,57.41,53.61,54.65,237093.30269579
2019-03-13,54.66,56.93,52.07,56.27,291685.583421049
2019-03-14,56.2,56.65,54.04,55.06,157427.363192899
2019-03-15,55.05,57.99,51.37,55.61,235777.549010739
2019-03-16,55.61,58.66,55.53,58.4,221899.44023263
2019-03-17,58.13,62.0,58.0,61.01,357972.261951879
2019-03-18,61.01,61.1,59.09,60.28,135567.5585297
2019-03-19,60.3,62.22,57.8,58.99,240772.03702636
2019-03-20,59.0,59.77,58.04,59.29,169706.25904412
2019-03-21,59.27,60.91,56.71,60.21,206844.660534338
2019-03-22,60.09,60.49,57.12,58.41,194085.022737019
2019-03-23,58.42,59.49,57.75,59.12,136034.560655609
2019-03-24,59.13,61.27,58.86,60.43,130477.71438978
2019-03-25,60.44,60.58,58.63,59.54,111886.532768459
2019-03-26,59.46,60.34,57.77,58.66,165461.504009439
2019-03-27,58.76,58.94,56.98,58.46,126623.41944506
2019-03-28,58.42,61.58,58.28,61.26,235974.905124909
2019-03-29,61.26,61.27,59.92,60.26,88571.91144006
2019-03-30,60.27,61.44,59.77,61.23,138757.032393409
2019-03-31,61.13,61.42,59.63,60.25,136254.33660556
2019-04-01,60.25,60.52,59.66,60.35,65216.20456426
2019-04-02,60.33,60.87,59.84,60.35,98577.57172718
2019-04-03,60.36,79.38,60.15,77.5,1035009.516147847
2019-04-04,77.57,99.89,73.03,85.6,2030292.486332687
2019-04-05,85.55,90.84,80.37,84.95,602944.977159626
2019-04-06,85.1,90.41,84.13,88.88,359673.179899057
2019-04-07,88.88,97.88,85.26,92.37,503543.820077569
2019-04-08,92.32,95.78,88.8,91.88,309375.55321702
2019-04-09,91.9,94.79,86.36,89.49,367200.604664189
2019-04-10,89.49,89.7,83.65,86.94,226397.15559502
2019-04-11,86.72,92.58,86.51,88.43,278478.4039942
2019-04-12,88.43,88.9,75.25,79.23,596376.916057526
2019-04-13,79.35,81.2,75.35,78.92,250504.592823357
2019-04-14,78.91,81.66,76.22,77.9,162022.899111908
2019-04-15,78.1,83.94,76.4,83.77,176623.74821828
2019-04-16,83.77,84.73,74.45,78.24,358986.217856959
2019-04-17,78.22,81.95,77.11,80.89,205765.34718073
2019-04-18,80.82,82.18,78.52,79.15,144331.744556319
2019-04-19,79.15,83.99,79.1,82.07,248421.98351192
2019-04-20,82.08,83.73,79.99,82.69,177785.860493819
2019-04-21,82.6,83.11,79.66,81.62,126256.430065058
2019-04-22,81.61,82.4,73.42,77.23,310278.900031168
2019-04-23,77.27,78.59,75.4,77.03,221082.88270382
2019-04-24,76.98,79.77,73.87,74.32,279264.876864707
2019-04-25,74.18,75.21,70.26,73.14,403801.290538757
2019-04-26,73.15,74.74,68.88,70.67,305327.02664161
2019-04-27,70.59,73.5,68.74,71.64,306295.356832439
2019-04-28,71.68,74.76,70.13,70.74,92091.467470819
2019-04-29,70.53,71.87,66.68,67.91,214834.50909929
2019-04-30,67.66,68.4,64.82,66.55,173473.28837805
2019-05-01,66.55,74.08,66.55,73.51,276467.162084236
2019-05-02,73.52,74.97,71.0,72.52,198327.37857723
2019-05-03,72.51,75.5,71.36,72.16,126868.86652234
2019-05-04,72.2,80.0,71.93,77.72,330050.628837357
2019-05-05,77.8,81.53,73.5,76.92,303598.070868269
2019-05-06,77.41,77.45,74.4,74.79,126150.42932505
2019-05-07,74.81,76.17,70.55,74.09,275250.052042598
2019-05-08,74.1,77.99,72.52,73.33,335605.077887779
2019-05-09,73.36,75.0,71.16,73.83,221834.8092636
2019-05-10,73.85,75.59,72.19,73.76,332588.982477689
2019-05-11,73.77,79.24,72.32,76.68,368432.45402506
2019-05-12,76.68,96.0,76.42,88.31,1004527.903318857
2019-05-13,88.3,94.44,82.61,84.79,919348.471877436
2019-05-14,84.78,93.51,84.09,87.87,762590.488399229
2019-05-15,87.78,94.6,85.61,91.69,724826.914193769
2019-05-16,91.62,107.28,90.46,102.26,1008944.989982145
2019-05-17,102.25,107.6,90.15,95.75,1050312.684795048
2019-05-18,95.7,97.69,81.66,89.88,800630.149248875
2019-05-19,89.88,90.94,85.2,86.65,207856.492028748
2019-05-20,86.66,97.34,86.24,95.0,489827.452911709
2019-05-21,95.03,95.09,87.23,91.69,378664.37044513
2019-05-22,91.76,93.67,89.43,91.25,211897.72080417
2019-05-23,91.25,92.58,85.55,87.72,368213.231996858
2019-05-24,87.65,89.88,84.73,88.98,212578.67352936
2019-05-25,88.99,103.99,88.21,100.5,737784.270417626
2019-05-26,100.88,105.28,98.8,103.02,370777.877249224
2019-05-27,103.11,114.81,99.0,112.56,526698.846248455
2019-05-28,112.52,122.16,110.48,116.5,855390.506283408
2019-05-29,116.5,118.42,111.42,114.95,389878.124655127
2019-05-30,114.92,118.52,108.4,115.29,454658.164518496
2019-05-31,115.26,121.0,101.7,107.95,875084.931466778
2019-06-01,108.02,115.02,104.01,114.47,382609.10749031
2019-06-02,114.45,116.22,107.27,112.48,293352.02893304
2019-06-03,112.52,116.83,111.2,114.51,207401.689482973
2019-06-04,114.68,120.88,104.52,105.87,635843.108362799
2019-06-05,105.75,114.5,97.05,102.14,737658.600544629
2019-06-06,102.13,106.0,100.0,104.0,324452.089123079
2019-06-07,103.84,112.51,101.0,111.31,408993.054338069
2019-06-08,111.5,121.57,109.83,117.07,639448.380417388
2019-06-09,117.07,120.0,113.82,118.5,305689.71290759
2019-06-10,118.5,119.4,111.09,114.83,363033.34955797
2019-06-11,114.82,132.0,112.54,129.76,791331.877202667
2019-06-12,129.94,139.1,125.14,136.2,773852.392824526
2019-06-13,136.2,144.88,130.22,136.19,923064.074428647
2019-06-14,136.27,137.0,128.0,130.89,521243.692249696
2019-06-15,130.78,133.35,125.0,132.56,499598.289188143
2019-06-16,132.57,140.17,132.57,138.35,356068.08916404
2019-06-17,138.46,139.21,133.07,137.0,357606.511134567
2019-06-18,137.0,137.4,132.05,134.21,301589.987401787
2019-06-19,134.2,137.03,128.75,135.1,353926.077679586
2019-06-20,135.1,139.99,133.55,136.81,343144.861978406
2019-06-21,136.67,137.2,133.34,135.75,233529.58980736
2019-06-22,135.84,142.11,135.35,139.34,501632.834790695
2019-06-23,139.23,146.08,136.57,141.46,745813.021449026
2019-06-24,141.38,142.27,134.3,136.18,326726.716472098
2019-06-25,136.18,136.66,131.01,135.26,332407.626243935
2019-06-26,135.37,138.41,128.22,135.55,395587.998749298
2019-06-27,135.52,138.21,122.46,130.64,997910.348734771
2019-06-28,130.64,132.22,106.93,114.18,1255649.503456811
2019-06-29,114.14,121.8,112.35,119.33,506790.03895214
2019-06-30,119.39,136.5,114.7,133.21,771849.07942193
2019-07-01,133.26,136.89,119.3,122.0,717177.0906011
2019-07-02,122.03,126.52,113.13,122.54,615137.89806921
2019-07-03,122.59,123.41,111.2,118.59,581820.17402494
2019-07-04,118.59,123.2,117.1,121.78,288029.08569174
2019-07-05,121.8,127.49,118.43,119.59,366720.54931272
2019-07-06,119.48,120.85,116.49,118.54,253028.81411252
2019-07-07,118.46,122.32,117.23,118.25,185065.21788872
2019-07-08,118.16,121.39,117.0,120.18,169052.16277756
2019-07-09,120.15,125.75,118.01,123.5,281785.71628575
2019-07-10,123.42,124.71,117.88,119.51,305011.87585655
2019-07-11,119.45,120.52,71.0,108.31,814375.96637604
2019-07-12,108.31,108.37,95.1,102.94,880057.81563659
2019-07-13,103.02,107.27,100.59,105.16,356866.03654244
2019-07-14,105.15,105.51,97.06,101.19,335884.50895996
2019-07-15,101.19,101.91,88.0,89.72,661630.75053825
2019-07-16,89.72,93.62,84.7,90.5,605285.44410422
2019-07-17,90.54,91.99,76.5,79.75,829503.41556687
2019-07-18,79.67,95.0,76.69,90.25,1057805.00104259
2019-07-19,90.24,105.0,87.01,101.4,946407.61019291
2019-07-20,101.4,101.67,94.69,98.75,447278.88619261
2019-07-21,98.65,106.05,97.53,100.48,415878.47371781
2019-07-22,100.46,101.86,96.43,99.76,266848.81638721
2019-07-23,99.77,100.99,90.91,95.12,429686.61837474
2019-07-24,95.12,95.17,88.23,90.07,406452.36852938
2019-07-25,90.02,97.36,86.11,94.45,512138.62229394
2019-07-26,94.45,96.85,91.12,93.23,269375.0189326
2019-07-27,93.3,95.19,90.17,94.33,199735.41279572
2019-07-28,94.28,96.55,86.49,88.87,349842.91104823
2019-07-29,88.84,91.08,81.5,90.02,268901.82791025
2019-07-30,90.02,92.62,87.25,90.28,242714.24096924
2019-07-31,90.26,92.9,88.35,90.33,135321.55856265
2019-08-01,90.33,100.19,89.94,98.89,364529.74863979
2019-08-02,98.79,102.8,95.76,98.89,263966.57075649
2019-08-03,98.88,99.05,92.22,94.83,270122.35325689
2019-08-04,94.88,96.79,93.56,94.2,183907.08623698
2019-08-05,94.25,94.8,90.39,92.95,208382.01739958
2019-08-06,92.98,107.14,92.93,96.39,653637.89001955
2019-08-07,96.4,99.28,90.69,92.88,360250.8497988
2019-08-08,92.86,94.46,87.0,90.5,360717.58493496
2019-08-09,90.5,92.82,87.69,90.0,234894.75422278
2019-08-10,90.0,90.32,82.36,84.32,313241.94810002
2019-08-11,84.28,87.33,80.7,85.17,292746.63494905
2019-08-12,85.16,91.46,84.93,89.87,200869.98781716
2019-08-13,89.81,89.95,85.33,85.78,172921.64890434
2019-08-14,85.77,86.54,82.95,84.53,204211.22064683
2019-08-15,84.51,86.07,74.0,75.81,438221.71332295
2019-08-16,75.77,77.89,70.24,76.25,411243.61807514
2019-08-17,76.25,76.46,72.23,74.76,258028.34367615
2019-08-18,74.76,75.45,71.63,72.69,144156.09576292
2019-08-19,72.71,78.18,71.29,76.34,236441.7529754
2019-08-20,76.29,79.06,75.54,77.16,209885.40455431
2019-08-21,77.17,77.34,73.18,75.11,155900.3269351
2019-08-22,75.11,75.39,69.9,73.19,261980.60683069
2019-08-23,73.2,74.85,70.9,73.39,202280.90409491
2019-08-24,73.46,76.1,72.19,75.48,144106.47765323
2019-08-25,75.48,75.64,71.31,73.4,124039.90299214
2019-08-26,73.43,74.95,70.66,72.15,144392.80048987
2019-08-27,72.13,75.57,72.13,73.38,184430.64807292
2019-08-28,73.41,73.61,71.91,72.8,112187.11673364
2019-08-29,72.7,73.04,64.21,66.79,410442.45754486
2019-08-30,66.69,66.81,62.04,63.45,283917.04508086
2019-08-31,63.5,65.58,62.07,64.21,179115.92457801
2019-09-01,64.18,65.36,62.34,64.35,116785.03448704
2019-09-02,64.33,67.37,64.0,66.1,140454.02240576
2019-09-03,66.11,68.17,64.92,67.2,162442.92693337
2019-09-04,67.21,71.0,66.63,69.12,206935.32896661
2019-09-05,69.17,69.39,66.55,67.13,150146.3729687
2019-09-06,67.13,67.46,64.19,65.27,127104.30313314
2019-09-07,65.26,68.24,63.87,64.98,205677.84440447
2019-09-08,64.99,70.6,64.64,68.82,177693.56190667
2019-09-09,68.9,72.25,68.01,70.56,180214.16763736
2019-09-10,70.43,71.58,67.8,69.93,134051.71510052
2019-09-11,69.92,73.24,69.62,70.75,197803.35353119
2019-09-12,70.84,71.7,68.18,69.81,111532.16722856
2019-09-13,69.84,70.06,68.29,69.28,78011.30346277
2019-09-14,69.2,69.7,67.1,69.09,105090.21905401
2019-09-15,69.1,71.5,68.29,70.62,88261.36915341
2019-09-16,70.64,71.47,69.67,70.14,49957.68525228
2019-09-17,70.14,73.87,69.45,72.69,190808.10216883
2019-09-18,72.74,77.82,72.18,74.13,265010.42861512
2019-09-19,74.17,80.37,74.09,77.75,330579.13180186
2019-09-20,77.78,77.78,72.58,76.82,358226.51815278
2019-09-21,76.83,77.2,72.52,75.05,200502.02641556
2019-09-22,75.07,75.64,72.0,73.18,128915.01430322
2019-09-23,73.19,73.25,71.0,72.26,102749.60662145
2019-09-24,72.25,74.12,61.45,66.47,327955.48017872
2019-09-25,66.47,67.37,53.66,55.5,724316.55280337
2019-09-26,55.49,58.95,52.97,57.53,491609.47266594
2019-09-27,57.53,57.63,50.2,55.21,479112.32603379
2019-09-28,55.2,56.9,52.6,56.05,231560.38905993
2019-09-29,56.05,56.49,53.85,55.53,154842.01195544
2019-09-30,55.53,55.7,52.18,53.91,136191.13972758
2019-10-01,53.9,56.45,52.44,56.12,205855.05438362
2019-10-02,56.05,57.75,54.76,55.8,200733.75095666
2019-10-03,55.83,56.74,55.26,56.43,107265.54088912
2019-10-04,56.43,57.11,53.33,56.44,179481.24862349
2019-10-05,56.62,57.5,55.24,56.51,134668.14234699
2019-10-06,56.46,57.48,55.68,56.85,109540.55795689
2019-10-07,56.85,56.96,53.02,54.54,151811.32494532
2019-10-08,54.45,58.78,53.25,57.56,191438.35714526
2019-10-09,57.56,58.52,56.5,57.0,95343.48258844
2019-10-10,57.07,60.19,56.29,59.26,182586.5974421
2019-10-11,59.29,59.49,57.14,57.77,102097.69623498
2019-10-12,57.76,58.64,55.44,55.94,185489.57193249
2019-10-13,55.97,56.59,55.53,55.77,58845.86158255
2019-10-14,55.79,57.95,55.55,56.48,84616.70265944
2019-10-15,56.47,57.34,56.04,56.87,70749.44001863
2019-10-16,56.88,57.43,53.01,54.63,204834.03364736
2019-10-17,54.56,55.4,50.67,52.51,211783.24859705
2019-10-18,52.51,55.22,51.18,54.95,137460.09761964
2019-10-19,54.97,55.0,52.12,53.35,113824.82118682
2019-10-20,53.31,54.19,52.58,53.81,77764.23163865
2019-10-21,53.85,55.59,52.64,54.96,102719.79200988
2019-10-22,54.96,55.78,53.74,54.76,119176.45058091
2019-10-23,54.7,55.16,53.02,53.44,94316.65374108
2019-10-24,53.44,53.49,47.16,49.54,320824.28864869
2019-10-25,49.46,50.36,48.38,49.66,168804.7493471
2019-10-26,49.68,58.89,48.06,56.95,486894.23048057
2019-10-27,56.97,64.4,54.14,56.88,568910.49508337
2019-10-28,56.89,62.96,55.77,59.91,366923.13328948
2019-10-29,59.91,62.71,57.6,57.83,287663.67864258
2019-10-30,57.84,61.05,57.79,59.84,210215.57320642
2019-10-31,59.85,61.21,56.82,57.96,176427.17385501
2019-11-01,58.04,59.84,57.06,58.37,171668.87455487
2019-11-02,58.39,59.0,56.58,58.34,122909.59540629
2019-11-03,58.35,59.32,57.86,58.38,83730.83765258
2019-11-04,58.38,58.8,57.29,58.34,77415.05397387
2019-11-05,58.36,62.94,57.93,61.41,232041.372656
2019-11-06,61.41,64.25,60.79,63.19,207580.19643034
2019-11-07,63.18,64.33,62.59,64.16,150805.95620227
2019-11-08,64.15,64.32,60.16,61.37,184390.28988571
2019-11-09,61.37,62.43,58.68,60.4,382844.43280322
2019-11-10,60.25,62.35,60.05,62.04,124381.88573968
2019-11-11,62.1,66.29,60.92,63.66,303451.50726181
2019-11-12,63.66,64.33,60.29,61.77,159596.04719867
2019-11-13,61.74,62.23,59.35,61.4,136248.54078895
2019-11-14,61.41,61.97,60.12,60.84,83571.51005653
2019-11-15,60.85,60.98,58.2,58.91,116072.58727198
2019-11-16,58.92,60.73,55.0,57.53,237720.86373902
2019-11-17,57.52,58.92,57.06,58.21,90410.03380403
2019-11-18,58.2,60.04,57.51,59.2,91084.17063945
2019-11-19,59.19,59.33,53.78,55.72,218762.53172055
2019-11-20,55.72,56.17,54.1,55.06,142551.9624824
2019-11-21,55.07,56.12,54.51,54.87,109354.14909536
2019-11-22,54.87,55.18,48.1,50.6,379309.09673094
2019-11-23,50.59,51.69,43.55,47.4,523372.4209461
2019-11-24,47.44,48.65,46.28,48.22,180184.08821744
2019-11-25,48.25,48.34,43.56,43.93,231131.37938782
2019-11-26,43.94,47.51,42.16,45.54,447323.64775895
2019-11-27,45.56,47.64,45.28,46.99,181450.50150251
2019-11-28,46.99,48.81,44.58,47.8,252748.54066581
2019-11-29,47.8,48.12,46.24,46.91,115404.99441698
2019-11-30,46.86,49.55,46.84,48.68,149881.76210458
2019-12-01,48.65,48.83,46.71,47.26,80217.33108739
2019-12-02,47.24,48.44,45.51,47.5,108385.2727049
2019-12-03,47.5,47.66,44.66,45.57,159320.77405769
2019-12-04,45.55,46.31,44.25,44.8,116126.45328225
2019-12-05,44.85,47.21,43.62,44.69,251549.19771544
2019-12-06,44.7,45.22,43.72,44.84,139656.42297562
2019-12-07,44.85,45.66,44.09,45.36,99857.56563117
2019-12-08,45.37,46.75,45.0,45.21,89146.65932382
2019-12-09,45.21,46.34,44.92,45.63,76717.73188883
2019-12-10,45.6,45.94,44.02,44.44,108976.91593833
2019-12-11,44.44,44.62,43.6,44.1,98538.04431466
2019-12-12,44.1,44.43,43.19,43.63,75643.11935446
2019-12-13,43.62,44.07,42.7,43.6,78938.94261574
2019-12-14,43.61,44.5,43.3,44.43,57712.56499274
2019-12-15,44.43,44.64,43.2,43.24,47403.01152623
2019-12-16,43.24,44.04,42.88,43.41,49008.08951116
2019-12-17,43.43,43.52,38.88,39.9,224010.69957595
2019-12-18,39.93,40.06,36.09,36.98,288996.38912443
2019-12-19,36.97,41.71,35.8,40.77,325979.82724495
2019-12-20,40.77,41.13,39.02,39.69,153989.83105767
2019-12-21,39.7,40.44,39.28,40.13,95726.94363407
2019-12-22,40.13,40.22,39.49,39.73,76432.48797721
2019-12-23,39.73,42.27,39.67,41.93,97052.96906605
2019-12-24,41.92,42.69,40.19,40.58,131999.31685963
2019-12-25,40.54,41.12,39.7,40.3,106737.96908664
2019-12-26,40.33,40.47,39.36,40.08,43946.40213091
2019-12-27,40.09,41.68,39.54,39.97,86356.65766674
2019-12-28,39.97,41.42,39.58,40.93,96885.7064764
2019-12-29,40.94,43.68,40.86,42.73,158030.24302948
2019-12-30,42.73,43.73,42.01,43.09,119412.99853519
2019-12-31,43.09,44.02,41.71,42.23,117204.2857352
2020-01-01,42.18,43.0,40.82,41.15,137494.98179431
2020-01-02,41.09,42.0,40.93,41.49,63698.0135489
2020-01-03,41.49,41.65,38.74,39.32,116853.91785943
2020-01-04,39.34,42.37,38.61,42.2,191368.26602083
2020-01-05,42.17,42.81,41.74,42.73,82976.55453109
2020-01-06,42.7,44.56,42.57,43.27,109997.51403729
2020-01-07,43.28,46.18,43.12,45.79,195871.82127705
2020-01-08,45.81,46.94,44.47,46.35,300312.73589975
2020-01-09,46.36,48.79,44.08,45.28,360846.61560308
2020-01-10,45.32,45.83,43.86,44.73,143385.47178769
2020-01-11,44.72,49.68,43.65,48.99,327784.4789911
2020-01-12,49.01,52.03,47.72,49.36,274034.31860722
2020-01-13,49.37,51.72,48.81,51.42,156001.24654356
2020-01-14,51.41,51.63,48.85,49.58,190186.78585715
2020-01-15,49.57,60.93,49.51,58.52,729803.01596538
2020-01-16,58.4,60.39,55.13,58.12,354038.66707568
2020-01-17,58.09,58.44,54.68,57.5,218993.21898634
2020-01-18,57.53,63.31,56.69,60.86,431249.80116156
2020-01-19,60.87,62.4,57.92,59.28,233585.99188472
2020-01-20,59.26,62.5,55.28,57.57,237548.21108075
2020-01-21,57.54,58.19,55.67,57.1,127621.8317875
2020-01-22,57.12,58.0,55.76,57.49,124911.33127716
2020-01-23,57.49,59.15,57.03,58.14,116986.71615927
2020-01-24,58.11,58.2,52.1,54.42,264765.16705864
2020-01-25,54.45,55.34,50.47,54.33,220087.02261449
2020-01-26,54.33,54.33,52.18,53.18,105418.63773554
2020-01-27,53.18,56.55,52.75,56.08,121363.67111084
2020-01-28,56.09,59.53,55.79,58.44,205294.58481244
2020-01-29,58.47,61.48,57.17,60.62,285670.83843461
2020-01-30,60.62,62.44,59.32,59.61,271050.64370374
2020-01-31,59.66,70.17,57.98,67.82,561142.68454809
2020-02-01,67.84,69.9,65.22,67.96,368669.2303414
2020-02-02,67.96,72.9,67.53,70.69,365187.86292271
2020-02-03,70.69,73.4,67.57,69.85,329101.34336507
2020-02-04,69.83,73.0,68.2,69.55,278400.08737224
2020-02-05,69.59,70.46,66.3,67.84,210956.31782221
2020-02-06,67.83,73.46,67.43,72.56,286701.20713252
2020-02-07,72.59,75.02,70.92,73.45,284511.85407383
2020-02-08,73.45,75.45,72.76,74.25,243386.88773727
2020-02-09,74.2,78.0,71.51,76.67,291142.84126053
2020-02-10,76.66,78.53,75.0,77.05,220103.65766638
2020-02-11,77.14,77.52,72.28,73.98,243872.53724221
2020-02-12,74.0,77.58,72.46,76.81,268779.47125549
2020-02-13,76.81,82.98,76.62,81.37,389573.47692953
2020-02-14,81.37,84.5,77.11,80.55,432302.69114547
2020-02-15,80.59,83.96,78.6,83.38,264996.59807851
2020-02-16,83.34,83.79,74.97,76.74,383737.45269747
2020-02-17,76.76,80.85,67.17,74.7,433631.76920153
2020-02-18,74.74,75.47,68.67,73.43,306257.74292463
2020-02-19,73.43,79.17,70.22,77.4,273859.71720006
2020-02-20,77.39,79.78,67.35,70.68,413719.35718143
2020-02-21,70.6,72.4,65.77,69.55,324387.31441221
2020-02-22,69.49,75.38,68.65,73.41,233560.046395
2020-02-23,73.42,76.85,63.5,74.88,214074.75695964
2020-02-24,74.87,80.75,74.68,79.8,277613.98109225
2020-02-25,79.79,80.04,71.74,75.55,329979.28494517
2020-02-26,75.55,76.12,69.3,70.96,265433.03606716
2020-02-27,70.94,72.16,57.37,60.42,701365.32050665
2020-02-28,60.42,65.87,57.04,61.61,462310.18494666
2020-02-29,61.77,63.58,56.35,59.99,353978.73183613
2020-03-01,59.98,61.78,57.84,58.13,192720.32931072
2020-03-02,58.07,60.34,56.05,57.71,212085.57877613
2020-03-03,57.64,62.41,57.24,61.47,248748.96529642
2020-03-04,61.43,62.53,59.29,61.0,251803.00528849
2020-03-05,61.01,61.81,58.8,60.36,189227.70615046
2020-03-06,60.39,63.38,60.36,62.12,242583.74988042
2020-03-07,62.07,63.99,61.28,63.37,241264.68705387
2020-03-08,63.36,63.99,59.98,60.57,174098.33406945
2020-03-09,60.54,60.55,50.22,51.15,486138.24793129
2020-03-10,51.11,52.53,46.21,50.53,643160.49283421
2020-03-11,50.49,51.5,48.75,50.14,328810.00078517
2020-03-12,50.22,50.76,45.44,48.54,325493.49855573
2020-03-13,48.54,48.82,28.45,30.09,1899161.42942089
2020-03-14,29.99,41.31,24.18,38.01,2149544.96771629
2020-03-15,38.01,38.57,33.8,34.43,536362.55884038
2020-03-16,34.41,39.0,33.95,36.24,503424.26121335
2020-03-17,36.23,36.3,29.17,33.33,1092841.99299042
2020-03-18,33.37,36.07,32.58,34.17,628378.26684977
2020-03-19,34.18,34.96,32.37,34.85,515010.6046522
2020-03-20,34.86,41.28,34.08,39.08,807001.70518491
2020-03-21,39.08,44.0,34.01,38.09,1012863.29905188
2020-03-22,38.07,39.86,36.26,38.39,427289.42917027
2020-03-23,38.39,39.76,34.8,35.45,460921.50404925
2020-03-24,35.44,40.31,34.51,39.12,549040.1333645
2020-03-25,39.11,41.08,38.39,40.7,424828.71741859
2020-03-26,40.71,41.21,38.15,39.25,387722.65890665
2020-03-27,39.29,40.66,38.53,40.59,276196.07064354
2020-03-28,40.6,41.43,37.47,38.15,361428.37313082
2020-03-29,38.17,39.53,36.57,38.91,375554.72903486
2020-03-30,38.93,39.19,36.95,37.11,182084.67738992
2020-03-31,37.1,39.79,37.1,38.99,212684.208967
2020-04-01,38.99,39.41,38.38,39.15,138244.71586184
2020-04-02,39.17,39.61,37.17,39.33,209334.33712125
2020-04-03,39.33,43.04,39.01,39.97,368498.46557292
2020-04-04,39.92,41.51,39.54,40.51,231128.68101104
2020-04-05,40.49,41.37,39.95,40.86,153490.53108073
2020-04-06,40.82,41.11,39.93,40.38,136500.56878499
2020-04-07,40.37,45.18,40.37,45.12,454873.91344643
2020-04-08,45.12,47.73,43.63,44.8,521722.63096521
2020-04-09,44.77,47.25,44.27,46.58,286142.1507644
2020-04-10,46.59,46.92,44.67,46.33,220991.21317837
2020-04-11,46.29,46.49,40.93,42.36,410061.35655918
2020-04-12,42.37,43.24,41.5,42.68,178755.84746027
2020-04-13,42.6,43.76,41.9,42.04,792018.10300153
2020-04-14,42.0,42.03,39.35,41.37,326684.92197465
2020-04-15,41.37,41.96,40.52,41.22,164452.4038374
2020-04-16,41.22,41.8,39.07,39.3,209099.34415266
2020-04-17,39.3,43.77,37.17,42.6,481351.00511393
2020-04-18,42.6,43.09,41.62,42.21,140681.89277476
2020-04-19,42.26,44.92,42.08,44.2,194879.81236339
2020-04-20,44.22,44.39,41.56,42.28,200238.38108284
2020-04-21,42.3,43.34,39.53,40.31,316378.92533636
2020-04-22,40.26,41.4,40.11,40.7,172754.05624729
2020-04-23,40.69,42.41,40.33,41.88,163653.10004802
2020-04-24,41.88,44.0,41.03,43.0,293816.78381557
2020-04-25,42.99,45.13,42.87,44.56,298524.1007627
2020-04-26,44.55,45.66,43.9,44.41,205415.53847604
2020-04-27,44.4,45.39,43.76,44.63,163027.64076893
2020-04-28,44.64,45.3,43.19,44.53,230239.69494031
2020-04-29,44.53,46.25,43.45,45.8,209860.05077451
2020-04-30,45.79,50.19,45.65,48.85,593180.1725405
2020-05-01,48.86,50.96,45.65,46.39,660304.54630734
2020-05-02,46.39,48.39,46.36,47.11,205061.13929901
2020-05-03,47.13,49.64,46.79,49.21,205410.82188466
2020-05-04,49.26,50.08,46.63,48.15,236658.37768924
2020-05-05,48.16,48.27,45.14,47.07,267133.40917954
2020-05-06,47.07,47.85,45.77,46.58,181647.90678527
2020-05-07,46.62,47.69,44.24,45.06,262327.26162531
2020-05-08,45.04,48.25,44.44,47.46,390552.81482585
2020-05-09,47.43,48.5,46.4,47.74,325339.81926705
2020-05-10,47.73,49.12,46.66,46.94,324281.58280517
2020-05-11,46.95,47.0,36.99,42.18,676665.05259942
2020-05-12,42.1,43.14,39.34,41.52,392006.19245016
2020-05-13,41.49,42.88,41.25,42.26,210378.5423948
2020-05-14,42.24,43.82,41.97,43.26,197115.22938212
2020-05-15,43.27,44.43,42.21,44.02,259600.80344125
2020-05-16,44.01,44.19,41.88,42.7,247483.17957497
2020-05-17,42.7,43.89,42.5,43.27,147971.33176874
2020-05-18,43.21,44.5,43.08,43.69,184603.76712084
2020-05-19,43.7,47.5,43.64,45.33,492748.48632675
2020-05-20,45.32,45.86,44.04,45.76,159275.21023494
2020-05-21,45.77,46.2,42.94,44.21,297893.26133522
2020-05-22,44.23,44.63,41.52,42.7,240831.22454932
2020-05-23,42.71,44.69,42.32,44.24,180508.23555985
2020-05-24,44.25,44.8,43.68,43.89,82481.61204742
2020-05-25,43.85,44.58,42.03,42.1,158985.20592657
2020-05-26,42.08,43.31,41.7,42.96,127281.61536556
2020-05-27,42.95,43.07,41.76,42.29,108520.63856235
2020-05-28,42.27,44.04,42.23,43.87,150503.7597375
2020-05-29,43.85,44.94,43.15,44.75,143264.09026365
2020-05-30,44.76,45.37,44.16,44.48,136932.84125365
2020-05-31,44.5,48.23,44.12,47.75,313086.0580391
2020-06-01,47.74,47.81,45.08,45.6,184072.84744506
2020-06-02,45.59,48.97,45.34,48.27,273321.43480954
2020-06-03,48.29,49.93,44.06,46.03,482672.98500795
2020-06-04,46.04,47.51,45.28,47.13,184540.28109768
2020-06-05,47.13,48.13,46.29,47.44,216920.18137534
2020-06-06,47.45,47.97,46.42,46.76,152458.06322029
2020-06-07,46.79,47.23,45.99,46.76,100897.6096605
2020-06-08,46.75,47.01,45.08,46.63,146517.08173266
2020-06-09,46.64,46.79,45.97,46.47,135899.24639099
2020-06-10,46.52,46.88,20.0,45.93,197091.95696541
2020-06-11,45.89,47.22,45.64,46.71,212327.89373189
2020-06-12,46.71,47.0,42.01,43.19,348479.85508477
2020-06-13,43.16,45.36,42.76,44.7,182645.86661262
2020-06-14,44.69,45.24,44.27,45.07,80959.52176482
2020-06-15,45.08,45.08,43.54,43.99,105914.5522867
2020-06-16,44.03,44.11,41.68,43.79,235854.51084099
2020-06-17,43.8,44.24,43.32,43.86,125523.77828158
2020-06-18,43.92,45.05,42.97,44.02,153276.11492421
2020-06-19,44.04,44.18,42.81,43.44,118531.40794251
2020-06-20,43.39,43.68,42.54,42.83,121591.75206332
2020-06-21,42.78,43.87,42.22,43.54,108311.30047122
2020-06-22,43.54,43.82,42.82,42.96,52655.97351809
2020-06-23,42.99,44.66,42.91,44.3,155929.33505497
2020-06-24,44.35,44.49,43.88,44.16,93877.27275696
2020-06-25,44.14,44.64,42.0,42.63,201419.78743468
2020-06-26,42.57,42.96,41.6,42.32,148143.35384232
2020-06-27,42.34,43.55,41.29,43.04,169389.48489769
2020-06-28,43.04,43.09,39.16,41.04,220530.88757843
2020-06-29,41.03,42.06,40.4,41.32,116220.77560463
2020-06-30,41.34,42.26,40.57,41.87,220123.17146832
2020-07-01,41.84,42.08,40.73,41.17,128334.68286922
2020-07-02,41.18,42.08,40.96,41.8,142114.05211564
2020-07-03,41.8,41.93,40.32,41.05,159536.8730797
2020-07-04,41.08,41.72,40.9,41.17,83683.42023658
2020-07-05,41.15,42.25,41.08,42.15,102015.33737305
2020-07-06,42.14,42.23,40.75,41.59,77968.67315769
2020-07-07,41.59,44.28,41.52,44.03,215786.14527715
2020-07-08,44.05,44.49,42.84,43.37,161987.96073967
2020-07-09,43.41,46.33,43.11,45.34,323753.19446024
2020-07-10,45.36,45.86,43.54,44.35,217239.08081256
2020-07-11,44.36,44.7,42.99,44.32,151446.08531247
2020-07-12,44.29,44.75,43.88,44.74,78794.16256554
2020-07-13,44.74,45.25,43.65,44.71,134873.14563061
2020-07-14,44.78,45.58,42.44,43.9,290359.84778176
2020-07-15,43.89,44.07,42.89,43.88,142227.19480324
2020-07-16,43.9,44.05,42.84,43.3,144817.94030739
2020-07-17,43.29,43.44,40.81,42.08,269114.01555734
2020-07-18,42.08,42.46,41.65,41.88,110128.28557538
2020-07-19,41.89,42.94,41.73,42.46,96256.79011915
2020-07-20,42.46,42.92,41.88,42.67,68054.81900962
2020-07-21,42.69,42.84,41.3,41.97,100028.73113477
2020-07-22,42.01,44.13,41.89,43.83,198163.66324492
2020-07-23,43.83,45.19,43.22,45.02,163863.81843966
2020-07-24,45.06,45.75,44.55,44.98,239613.5668028
2020-07-25,44.98,45.02,44.0,44.16,135259.21145198
2020-07-26,44.18,49.64,44.08,49.23,573333.35824089
2020-07-27,49.23,50.86,47.64,48.14,398398.54954067
2020-07-28,48.14,56.27,46.93,53.38,1005679.45836061
2020-07-29,53.39,58.0,51.71,55.85,785713.47311871
2020-07-30,55.87,57.0,54.58,55.2,430967.09676453
2020-07-31,55.21,59.14,53.89,56.81,476429.25775961
2020-08-01,56.82,59.24,55.8,58.2,336215.34521795
2020-08-02,58.26,62.38,57.6,61.72,579190.32706056
2020-08-03,61.72,65.32,51.56,56.78,926757.29323278
2020-08-04,56.8,60.11,55.65,58.54,380720.75747117
2020-08-05,58.55,59.64,56.33,57.65,279197.76709955
2020-08-06,57.65,59.94,56.73,58.97,310343.26315428
2020-08-07,58.94,60.78,57.73,59.08,307345.62148092
2020-08-08,59.08,61.11,54.69,57.22,444300.50104394
2020-08-09,57.23,58.61,56.51,58.46,177234.32571319
2020-08-10,58.46,58.77,56.1,57.01,166082.4473435
2020-08-11,56.97,59.52,55.75,58.31,274950.97200281
2020-08-12,58.33,59.74,52.4,54.12,420978.61682473
2020-08-13,54.15,55.11,51.5,54.55,274230.33910315
2020-08-14,54.54,57.42,51.87,57.18,347214.76833483
2020-08-15,57.27,57.94,55.9,56.85,320207.3348744
2020-08-16,56.91,60.89,56.42,59.91,474758.63593806
2020-08-17,59.93,65.0,57.64,63.91,585446.37994835
2020-08-18,63.94,69.0,61.34,67.3,873012.90377435
2020-08-19,67.29,68.55,63.3,65.47,692496.23006482
2020-08-20,65.48,67.15,58.76,62.14,670956.44494577
2020-08-21,62.13,63.76,61.03,62.8,320546.08097318
2020-08-22,62.82,63.91,58.77,59.13,380038.26194847
2020-08-23,59.06,60.67,57.74,60.26,233449.56628688
2020-08-24,60.28,61.63,58.02,60.59,223130.22909773
2020-08-25,60.61,63.04,59.99,62.04,240159.65356801
2020-08-26,62.05,62.32,56.53,58.38,311317.29252532
2020-08-27,58.34,59.22,57.0,58.1,196498.86631892
2020-08-28,58.1,59.32,53.7,56.15,297146.811191
2020-08-29,56.15,58.26,55.34,57.41,182673.30655347
2020-08-30,57.42,58.26,56.9,56.99,149642.06528823
2020-08-31,56.98,62.94,56.94,62.91,295623.51202699
2020-09-01,62.88,63.73,60.57,60.93,238170.4083484
2020-09-02,60.93,64.38,59.56,62.74,419484.31421917
2020-09-03,62.73,63.2,56.1,58.12,422989.41542482
2020-09-04,58.12,58.69,45.14,50.07,679341.17587614
2020-09-05,50.06,52.48,46.37,50.38,552652.67675939
2020-09-06,50.41,51.32,45.08,47.83,556081.55747736
2020-09-07,47.83,49.2,46.3,47.92,246181.3796075
2020-09-08,47.94,49.16,45.2,48.82,306235.97435116
2020-09-09,48.9,49.37,46.0,47.49,286061.05612771
2020-09-10,47.47,48.88,46.55,47.86,189095.29040783
2020-09-11,47.81,49.49,47.81,48.7,196860.39010444
2020-09-12,48.7,49.51,47.4,48.98,186000.20205211
2020-09-13,48.99,51.34,48.4,50.85,184340.62824187
2020-09-14,50.85,51.05,47.26,48.18,203749.87467558
2020-09-15,48.19,49.68,47.15,49.09,301234.0672608
2020-09-16,49.1,50.36,48.14,48.31,224982.47923844
2020-09-17,48.31,48.78,46.98,47.73,199164.48341882
2020-09-18,47.73,49.64,47.65,48.89,158794.59006724
2020-09-19,48.88,49.11,47.49,48.55,164278.34063226
2020-09-20,48.55,49.0,47.98,48.5,84476.94833841
2020-09-21,48.49,48.54,46.2,47.09,140114.2707665
2020-09-22,47.1,47.68,41.59,43.13,364831.77476675
2020-09-23,43.17,44.82,42.77,44.49,180723.25113019
2020-09-24,44.49,45.12,42.24,42.89,164765.01991253
2020-09-25,42.95,45.29,42.59,44.96,150398.98430688
2020-09-26,44.95,46.65,43.94,46.02,188699.27971761
2020-09-27,46.05,46.56,45.15,46.05,105604.42732965
2020-09-28,46.06,46.64,44.6,46.1,107657.89088611
2020-09-29,46.08,47.14,44.8,45.21,176368.06674482
2020-09-30,45.2,45.83,44.94,45.69,93955.03423655
2020-10-01,45.66,46.72,45.43,46.24,104730.82164242
2020-10-02,46.28,48.52,45.02,46.25,298390.34043258
2020-10-03,46.23,46.96,43.21,44.92,227163.66637447
2020-10-04,44.96,46.0,44.76,45.53,91631.99968686
2020-10-05,45.55,47.07,45.31,46.72,93296.50125817
2020-10-06,46.71,47.09,45.55,46.37,92259.02215416
2020-10-07,46.38,48.23,45.55,46.01,224505.91589307
2020-10-08,46.02,46.92,45.02,46.58,121041.90011307
2020-10-09,46.56,47.5,45.44,47.25,147439.04264651
2020-10-10,47.24,48.23,46.61,47.82,127887.2360131
2020-10-11,47.82,50.49,47.8,48.9,225181.07885208
2020-10-12,48.86,51.25,48.71,50.48,153065.13207933
2020-10-13,50.47,51.6,49.29,50.61,240909.175218
2020-10-14,50.6,50.75,48.85,49.95,171969.96876702
2020-10-15,49.96,51.06,49.29,49.84,118419.20683689
2020-10-16,49.81,50.26,48.88,49.58,118339.27411756
2020-10-17,49.55,49.9,45.42,47.62,304234.94049269
2020-10-18,47.64,47.68,46.33,46.93,102419.22384548
2020-10-19,46.89,47.98,46.76,47.58,79266.48118063
2020-10-20,47.58,48.86,46.6,48.0,119520.56324826
2020-10-21,48.01,48.46,46.45,46.93,142480.71000585
2020-10-22,46.96,55.19,46.9,53.13,662816.01045881
2020-10-23,53.09,56.36,53.09,54.41,467689.91964203
2020-10-24,54.44,57.04,53.16,55.46,360487.15176473
2020-10-25,55.45,59.68,54.91,59.28,350169.52617611
2020-10-26,59.24,60.02,56.56,58.89,324038.14880442
2020-10-27,58.88,59.38,54.99,56.9,347816.83965625
2020-10-28,56.89,59.3,56.51,57.95,270666.20044847
2020-10-29,57.83,60.9,54.7,55.84,418899.78035126
2020-10-30,55.84,56.55,53.41,54.91,272438.66447679
2020-10-31,54.93,55.81,52.27,54.08,245705.99388339
2020-11-01,54.03,56.53,53.65,55.83,261704.35987352
2020-11-02,55.78,56.24,54.11,55.65,104159.39475831
2020-11-03,55.67,56.86,53.1,53.9,252219.27070896
2020-11-04,53.88,54.4,51.07,54.02,269930.33063811
2020-11-05,53.96,55.34,51.64,54.75,307475.43235164
2020-11-06,54.77,59.79,54.71,59.04,463005.13591701
2020-11-07,59.02,63.76,58.67,63.29,644170.74816746
2020-11-08,63.35,64.87,56.98,58.94,685935.92184001
2020-11-09,58.97,62.07,58.68,60.99,224474.8389055
2020-11-10,60.99,61.88,57.45,59.28,346766.76523416
2020-11-11,59.29,59.63,57.12,57.97,290256.01389976
2020-11-12,57.99,60.69,57.87,59.34,310046.75221685
2020-11-13,59.33,60.81,57.7,60.74,324952.51886948
2020-11-14,60.42,66.67,60.0,66.01,755614.54419223
2020-11-15,66.01,66.34,61.74,63.85,300416.38573062
2020-11-16,63.89,64.5,61.01,62.37,211099.8120049
2020-11-17,62.33,74.65,62.16,73.83,1000667.40761018
2020-11-18,73.82,77.06,71.4,76.41,909433.15529327
2020-11-19,76.37,77.18,68.0,73.48,922460.30711451
2020-11-20,73.49,84.0,71.29,81.64,1132253.59615983
2020-11-21,81.64,85.92,80.12,82.61,875441.0242116
2020-11-22,82.64,88.56,80.22,87.13,1042780.13352495
2020-11-23,87.23,88.01,77.13,83.0,846422.80908994
2020-11-24,82.95,90.99,80.8,89.18,1062264.50104183
2020-11-25,89.13,94.08,85.4,89.34,1195473.61656562
2020-11-26,89.34,90.74,77.95,81.75,709526.91036875
2020-11-27,81.7,83.26,64.3,71.11,1457819.84134162
2020-11-28,71.12,73.63,65.28,69.18,835990.69192624
2020-11-29,69.24,75.0,68.38,72.79,678110.44956412
2020-11-30,72.75,81.21,71.61,79.0,657862.42570478
2020-12-01,79.01,88.56,76.69,87.67,1083246.91030464
2020-12-02,87.69,93.13,78.39,85.17,1695423.73649996
2020-12-03,85.18,90.74,82.75,88.99,875807.02143271
2020-12-04,88.99,91.48,85.27,89.1,639931.71588631
2020-12-05,89.1,89.9,77.08,79.58,634107.65574628
2020-12-06,79.54,84.42,78.7,83.18,391099.1030331
2020-12-07,83.21,85.26,80.36,83.64,312141.76803717
2020-12-08,83.58,86.89,81.74,83.41,361564.88982323
2020-12-09,83.44,84.93,75.36,76.7,533964.5937931
2020-12-10,76.7,78.24,72.01,77.45,543411.51645708
2020-12-11,77.42,77.64,73.1,74.71,260559.77009055
2020-12-12,74.71,75.09,69.82,72.24,519153.37103072
2020-12-13,72.19,77.65,72.0,76.67,300672.04208456
2020-12-14,76.72,84.34,75.6,82.2,449913.93121152
2020-12-15,82.2,82.99,79.13,82.36,385473.33912396
2020-12-16,82.37,85.0,80.17,81.35,464648.02952537
2020-12-17,81.42,93.31,78.29,93.02,1125371.63819499
2020-12-18,93.12,110.09,90.22,101.17,1910733.29585944
2020-12-19,101.06,112.92,99.28,109.46,1126293.72380241
2020-12-20,109.45,124.55,105.35,120.02,1249706.14582428
2020-12-21,120.04,123.22,109.64,114.65,1346135.70426475
2020-12-22,114.65,118.87,100.37,104.44,1392781.03172115
2020-12-23,104.49,114.63,98.31,114.31,1374816.36654044
2020-12-24,114.28,117.32,94.44,102.35,1779839.52636531
2020-12-25,102.46,112.3,98.55,111.2,1128208.17615345
2020-12-26,111.17,128.54,108.23,127.74,1456775.66795789
2020-12-27,127.8,135.12,124.83,129.56,1552355.89193083
2020-12-28,129.56,139.41,119.88,127.83,1964335.07138185
2020-12-29,127.67,137.23,126.15,129.69,1005748.86362035
2020-12-30,129.67,130.67,119.72,128.69,782530.66713725
2020-12-31,128.7,133.0,122.52,130.11,801724.66396613
2021-01-01,130.09,130.44,122.0,124.41,621928.18330277
