2017-01-21,0.00225,0.003,0.00225,0.002957,533957.2574647
2017-01-22,0.002251,0.0025,0.00225,0.0025,1410111.41111683
2017-01-23,0.002377,0.002397,0.002253,0.002253,254935.3945855
2017-01-24,0.002257,0.002272,0.002257,0.002272,376365.57768
2017-01-25,0.002275,0.002275,0.002206,0.002212,7377240.31482341
2017-01-26,0.002188,0.00222,0.002156,0.002178,479884.70622352
2017-01-27,0.00209,0.002165,0.002056,0.002154,1163887.27006099
2017-01-28,0.002154,0.002398,0.002152,0.002152,779329.79204117
2017-01-29,0.002153,0.002153,0.002153,0.002153,5043.91415929
2017-01-30,0.002152,0.0022,0.002152,0.0022,36060.7857
2017-01-31,0.002342,0.0024,0.002342,0.0024,1006695.44758611
2017-02-01,0.002374,0.002497,0.002149,0.002149,281802.72984522
2017-02-02,0.002298,0.002481,0.002298,0.002481,67213.23017276
2017-02-03,0.002392,0.002483,0.002215,0.002215,953700.33201964
2017-02-04,0.002457,0.002457,0.002226,0.002292,475728.62169434
2017-02-06,0.002404,0.002442,0.002404,0.002442,227.87107781
2017-02-07,0.002382,0.002382,0.002342,0.002342,168.84034337
2017-02-08,0.002346,0.002346,0.002275,0.002275,4467.20461306
2017-02-09,0.002381,0.002381,0.0022,0.0022,820768.70577675
2017-02-10,0.002201,0.002201,0.002056,0.002056,2750548.27918193
2017-02-11,0.002134,0.002184,0.002134,0.002181,7355.44592492
2017-02-12,0.00218,0.002319,0.002173,0.002319,60262.5175467
2017-02-13,0.002064,0.002168,0.001892,0.002168,22149.1337238
2017-02-15,0.001892,0.001892,0.001892,0.001892,10592.30173647
2017-02-16,0.001984,0.001984,0.001894,0.001894,1592.48
2017-02-17,0.002207,0.002207,0.002164,0.002164,1082.12821833
2017-02-18,0.002361,0.002361,0.002361,0.002361,100.0
2017-02-19,0.00196,0.002047,0.001959,0.002047,46817.07317073
2017-02-20,0.001987,0.001987,0.001985,0.001985,255960.3549099
2017-02-21,0.001985,0.002063,0.001953,0.001985,1414438.95027226
2017-02-22,0.001985,0.001985,0.001985,0.001985,810.43327889
2017-02-23,0.002367,0.002367,0.001951,0.001951,416068.53212288
2017-02-24,0.001951,0.001985,0.00195,0.00196,139578.37483882
2017-02-25,0.001911,0.002,0.001806,0.001831,3283084.3653274
2017-02-26,0.001801,0.001857,0.0018,0.001857,2355124.48039615
2017-02-27,0.001842,0.001884,0.001732,0.001884,226339.73100318
2017-02-28,0.001818,0.001886,0.001795,0.001804,234547.66841817
2017-03-01,0.001794,0.001934,0.001793,0.00192,179008.50615437
2017-03-02,0.001833,0.00185,0.001708,0.00174,1366155.15555559
2017-03-03,0.001739,0.001744,0.001691,0.001736,585963.0895226
2017-03-04,0.001724,0.001848,0.0017,0.001702,1434051.00628734
2017-03-05,0.001701,0.001753,0.001701,0.00175,434861.53349149
2017-03-06,0.001704,0.001742,0.0017,0.001742,1165051.65675381
2017-03-07,0.001738,0.001819,0.00171,0.001817,1292719.88793111
2017-03-08,0.0019,0.002,0.001854,0.001967,1968760.87892259
2017-03-09,0.0021,0.0021,0.0018,0.0018,1035441.15715047
2017-03-10,0.001796,0.002026,0.001703,0.002014,1188143.71426651
2017-03-11,0.001872,0.001969,0.001401,0.001402,1002464.7857158
2017-03-12,0.00177,0.001805,0.001661,0.001661,2360527.89582313
2017-03-13,0.001822,0.001822,0.001731,0.001767,350023.36022616
2017-03-14,0.001771,0.002093,0.001771,0.001849,791597.47439331
2017-03-15,0.002098,0.002098,0.0018,0.001817,213956.25273345
2017-03-16,0.001959,0.001999,0.001851,0.001938,309247.61098083
2017-03-17,0.001832,0.001992,0.001675,0.001691,1423057.4762814
2017-03-18,0.001701,0.001977,0.001673,0.001768,4166039.36303248
2017-03-19,0.00185,0.001993,0.0018,0.001983,627899.47506853
2017-03-20,0.001999,0.001999,0.001701,0.001701,1082121.62091317
2017-03-21,0.001855,0.001999,0.001701,0.001999,858449.75814154
2017-03-22,0.0019,0.0021,0.001721,0.0021,1793495.06915075
2017-03-23,0.002249,0.002249,0.001859,0.00188,649625.55308255
2017-03-24,0.001859,0.0022,0.001859,0.0022,191501.77294583
2017-03-25,0.002248,0.002396,0.001871,0.00195,17226985.32142501
2017-03-26,0.002199,0.002199,0.002,0.002,177010.0
2017-03-27,0.002,0.00205,0.0019,0.001991,617149.82608063
2017-03-28,0.001999,0.002195,0.00186,0.00187,4032115.91714396
2017-03-29,0.002095,0.002095,0.001837,0.002095,506166.96223466
2017-03-30,0.001881,0.0021,0.00184,0.001917,1700301.9315037
2017-03-31,0.00199,0.0023,0.001883,0.0023,13103484.6384192
2017-04-01,0.0023,0.002844,0.002083,0.002282,15694595.63289771
2017-04-02,0.002278,0.00285,0.002149,0.00285,5689297.63971619
2017-04-03,0.00254,0.0051,0.00254,0.004405,4284001.54582286
2017-04-04,0.004411,0.00509,0.002501,0.003036,12815897.12294082
2017-04-05,0.003215,0.0035,0.00279,0.003011,3608854.71743478
2017-04-06,0.002996,0.003508,0.002925,0.003082,5289453.33155928
2017-04-07,0.002986,0.00344,0.002762,0.002831,3621136.41852049
2017-04-08,0.002965,0.002975,0.00267,0.002719,2480286.72756775
2017-04-09,0.002735,0.0036,0.002612,0.003064,4526844.95576729
2017-04-10,0.00285,0.003162,0.002701,0.002769,1471580.06148355
2017-04-11,0.002745,0.002875,0.002709,0.002858,2433135.06469038
2017-04-12,0.002879,0.002879,0.0027,0.0028,1699645.75097127
2017-04-13,0.002792,0.00325,0.002769,0.003097,2191870.80818866
2017-04-14,0.003176,0.003178,0.002851,0.003132,2402027.37004268
2017-04-15,0.003127,0.003283,0.002881,0.003223,1168395.01138204
2017-04-16,0.003173,0.0034,0.002914,0.003369,637818.40479354
2017-04-17,0.003436,0.003989,0.00337,0.003623,3235661.52863983
2017-04-18,0.003679,0.003799,0.003321,0.003531,1634961.6186993
2017-04-19,0.003701,0.003701,0.003,0.0037,3266124.2795364
2017-04-20,0.003699,0.0037,0.0035,0.003534,812812.84688252
2017-04-21,0.00355,0.003613,0.003243,0.003455,2072614.57532821
2017-04-22,0.0034,0.003476,0.003375,0.003453,60864.94044809
2017-04-23,0.003538,0.003644,0.003433,0.003499,1105802.84787873
2017-04-24,0.003521,0.00357,0.0033,0.003502,1039908.92595992
2017-04-25,0.00353,0.004,0.003468,0.004,2964254.31577561
2017-04-26,0.003929,0.004,0.003744,0.00377,433189.0120832
2017-04-27,0.003832,0.00409,0.00381,0.004026,2083523.08806312
2017-04-28,0.004055,0.004089,0.003863,0.004033,704256.18878643
2017-04-29,0.004,0.004655,0.00281,0.004535,1862788.57148063
2017-04-30,0.004548,0.00515,0.00435,0.004661,5185280.62377631
2017-05-01,0.005084,0.0055,0.0048,0.004805,1323826.43555814
2017-05-02,0.004805,0.005922,0.004607,0.005,19447492.13309492
2017-05-03,0.005195,0.005461,0.0045,0.005054,6390940.19218247
2017-05-04,0.004751,0.005299,0.00465,0.005145,2860316.90421808
2017-05-05,0.005293,0.007293,0.0048,0.006769,10261022.29237038
2017-05-06,0.006683,0.014998,0.0055,0.01065,28533969.07360526
2017-05-07,0.01065,0.025,0.01065,0.0209,74204858.1836717
2017-05-08,0.0209,0.052,0.0155,0.039,109336341.23081587
2017-05-09,0.039,0.06,0.03,0.04067588,54431923.07608391
2017-05-10,0.040304,0.042109,0.019163,0.0275,41617959.88175363
2017-05-11,0.0275,0.038,0.026007,0.0322,15009704.26248283
2017-05-12,0.0322,0.043998,0.02699,0.036808,20676265.97588994
2017-05-13,0.03712,0.0489,0.0311,0.040987,29942645.21033218
2017-05-14,0.040964,0.04144635,0.035587,0.037356,10025101.51334403
2017-05-15,0.037342,0.040899,0.036509,0.038346,8088235.62838173
2017-05-16,0.038502,0.04352985,0.037666,0.04352985,12979103.82891271
2017-05-17,0.043528,0.0525,0.043528,0.05,36257931.99515054
2017-05-18,0.05,0.0585,0.04,0.048978,25002326.63814624
2017-05-19,0.048667,0.051,0.043014,0.046,14574182.06035192
2017-05-20,0.046035,0.055,0.0437,0.0525,23998602.14978811
2017-05-21,0.05,0.0549,0.049001,0.053298,8999294.7914474
2017-05-22,0.053565,0.067,0.051888,0.06,21715847.38140602
2017-05-23,0.060844,0.066,0.0445,0.05,18637904.23268495
2017-05-24,0.050001,0.057,0.04989,0.054166,7435044.59340917
2017-05-25,0.05475,0.05796,0.04754,0.05076,16504362.41865098
2017-05-26,0.050691,0.050999,0.039,0.040002,10564599.93274452
2017-05-27,0.039011,0.051982,0.03,0.040915,14389772.99907988
2017-05-28,0.04097,0.04289,0.02,0.033373,20289538.63716462
2017-05-29,0.032273,0.041139,0.028,0.035384,22829982.24854933
2017-05-30,0.035207,0.0398,0.033,0.036926,10142337.84217197
2017-05-31,0.036807,0.0388,0.03,0.030784,11861749.91966099
2017-06-01,0.030313,0.0365,0.026,0.034,13758605.24999766
2017-06-02,0.034,0.044,0.034,0.042316,24651665.53872063
2017-06-03,0.04297,0.043372,0.037001,0.040308,7329295.15341148
2017-06-04,0.040336,0.0415,0.0375,0.03934,3487342.63682489
2017-06-05,0.039206,0.040999,0.0371,0.0398,4442044.68755252
2017-06-06,0.0398,0.043573,0.0394,0.041344,4135500.75768542
2017-06-07,0.042037,0.04523,0.038709,0.0442,11201565.56909086
2017-06-08,0.0442,0.054,0.042314,0.046579,15412816.41741151
2017-06-09,0.046583,0.056493,0.046,0.050418,12983404.85719637
2017-06-10,0.050399,0.053185,0.04556,0.047341,8431278.19009656
2017-06-11,0.04711,0.048419,0.033,0.0415,6896935.71811055
2017-06-12,0.041103,0.051,0.035501,0.04417,10592311.88131394
2017-06-13,0.043173,0.044212,0.035,0.039157,6702153.02525703
2017-06-14,0.039163,0.043002,0.03875,0.041596,3532296.1370074
2017-06-15,0.041651,0.044757,0.03388,0.039047,5484212.55777388
2017-06-16,0.039225,0.039804,0.03,0.03688,8309494.78299617
2017-06-17,0.036882,0.038559,0.031,0.036736,4998678.94900492
2017-06-18,0.036736,0.0437,0.0347,0.040667,6935425.14010266
2017-06-19,0.040196,0.041056,0.037,0.038,2918454.25611872
2017-06-20,0.038,0.04205,0.037001,0.042046,4232523.77953552
2017-06-21,0.041396,0.044899,0.0385,0.041346,4969040.68961104
2017-06-22,0.041396,0.041823,0.034,0.038996,3316537.03842297
2017-06-23,0.038939,0.03958,0.0368,0.039383,3326961.68110819
2017-06-24,0.038936,0.040481,0.038539,0.039676,2480833.86622649
2017-06-25,0.039865,0.039999,0.036,0.036826,3139122.53798966
2017-06-26,0.036894,0.037001,0.03,0.03171,5152116.88774532
2017-06-27,0.03171,0.035,0.024039,0.02897,13656747.6981818
2017-06-28,0.028888,0.033,0.02401,0.029004,6338578.0830283
2017-06-29,0.029002,0.033999,0.026975,0.031442,7846956.90377487
2017-06-30,0.031192,0.032952,0.027501,0.02904,4718792.65287752
2017-07-01,0.029046,0.029961,0.0265,0.026694,1991358.83942592
2017-07-02,0.026505,0.02757,0.022842,0.023356,5796663.52789679
2017-07-03,0.023789,0.0291,0.02201,0.025734,6722341.68400265
2017-07-04,0.025772,0.0271,0.02435,0.026102,4198568.6657824
2017-07-05,0.026479,0.028099,0.025,0.026359,3278182.03480341
2017-07-06,0.026259,0.026259,0.023511,0.025805,4018917.35167028
2017-07-07,0.025265,0.026467,0.025001,0.025831,1332680.48767799
2017-07-08,0.0255,0.026,0.02,0.020214,10942379.64629322
2017-07-09,0.020796,0.022379,0.0151,0.021106,5665551.0926317
2017-07-10,0.021683,0.02238,0.0181,0.019213,2362785.9411755
2017-07-11,0.019257,0.019701,0.014,0.015599,7670566.83263292
2017-07-12,0.015599,0.016999,0.0122,0.014594,9224181.34473766
2017-07-13,0.014594,0.02,0.012701,0.01776,13821989.07577491
2017-07-14,0.017767,0.02238,0.015519,0.017415,15123565.64841991
2017-07-15,0.016979,0.017366,0.013,0.016045,6962517.10323206
2017-07-16,0.016602,0.0185,0.015,0.017316,7236633.66113967
2017-07-17,0.017316,0.018729,0.013501,0.01555,10281039.52552769
2017-07-18,0.0155,0.019,0.01334,0.0185,8858807.59362189
2017-07-19,0.018671,0.020498,0.017684,0.018632,12355205.4805933
2017-07-20,0.018956,0.020174,0.017002,0.017108,4929685.03992189
2017-07-21,0.0176,0.020373,0.01735,0.018527,9613877.63661651
2017-07-22,0.018544,0.020348,0.018061,0.018502,5673905.6593916
2017-07-23,0.018902,0.023996,0.018902,0.02334,15964580.06996489
2017-07-24,0.023338,0.025,0.020607,0.022034,10128263.9388592
2017-07-25,0.022065,0.023,0.021029,0.022583,3341659.62377039
2017-07-26,0.02258,0.023,0.017256,0.018509,10165932.96078129
2017-07-27,0.018553,0.01998,0.017111,0.019075,8607468.24920476
2017-07-28,0.019068,0.019269,0.018,0.0182,5075250.03669077
2017-07-29,0.018387,0.0187,0.01615,0.01699,6389798.72276378
2017-07-30,0.01705,0.01747,0.015251,0.017295,4839114.82228105
2017-07-31,0.01731,0.01752,0.0162,0.01637,2682992.99444581
2017-08-01,0.016314,0.017,0.0152,0.016269,7673403.20825248
2017-08-02,0.016269,0.018499,0.015772,0.017939,6607129.87120139
2017-08-03,0.017837,0.01991,0.017454,0.01875,20232062.0806593
2017-08-04,0.01875,0.019499,0.0171,0.018955,3628531.06022415
2017-08-05,0.01894,0.022553,0.018691,0.0225,9237556.18909046
2017-08-06,0.022541,0.0285,0.021409,0.0238,15429584.98691308
2017-08-07,0.0238,0.026,0.0222,0.023,9664367.71070354
2017-08-08,0.022774,0.0255,0.0212,0.022329,10414690.17603835
2017-08-09,0.022328,0.0254,0.02151,0.023656,9869707.50487183
2017-08-10,0.023898,0.025333,0.0205,0.0231,12510488.35929913
2017-08-11,0.022895,0.023845,0.0222,0.022335,3186383.63621095
2017-08-12,0.022205,0.022405,0.0205,0.021486,7654901.1090281
2017-08-13,0.021534,0.022609,0.0195,0.020384,6115317.98626278
2017-08-14,0.020307,0.02185,0.017502,0.018132,8310797.46297367
2017-08-15,0.018132,0.019339,0.01707,0.0179,6147331.27301622
2017-08-16,0.0179,0.0193,0.016207,0.017367,7702694.41958264
2017-08-17,0.017368,0.018447,0.017278,0.0178,3494529.03430091
2017-08-18,0.0178,0.018191,0.016113,0.017198,6656447.28724781
2017-08-19,0.016861,0.017998,0.016501,0.016917,4340053.8919227
2017-08-20,0.016921,0.017986,0.015201,0.0166,13579313.45602607
2017-08-21,0.016415,0.018493,0.016097,0.017799,7461624.5789949
2017-08-22,0.017729,0.02,0.0172,0.019866,7504612.03077836
2017-08-23,0.019816,0.019831,0.016,0.01706,5753477.20582367
2018-02-20,0.4539,0.454,0.435,0.447083,680277.84881805
2018-02-21,0.4443,0.45624,0.386,0.389,3712535.61537083
2018-02-22,0.386208,0.4248,0.362001,0.373401,6448466.9714174
2018-02-23,0.376898,0.397699,0.33,0.3498,4403295.5916572
2018-02-24,0.349799,0.388989,0.334701,0.366019,3779156.08210637
2018-02-25,0.366103,0.377869,0.33,0.3476,3546851.85777543
2018-02-26,0.3405,0.3599,0.327,0.350099,4717859.59400331
2018-02-27,0.347501,0.371749,0.334701,0.3555,3069950.64897856
2018-02-28,0.356276,0.4,0.34831,0.3574,3576237.47755591
2018-03-01,0.356,0.365976,0.33,0.330001,2639288.25532933
2018-03-02,0.331,0.359,0.31,0.340579,2934097.67629585
2018-03-03,0.335611,0.34,0.317704,0.32,2404601.97271331
2018-03-04,0.32,0.35,0.31101,0.347399,4029493.83834998
2018-03-05,0.348499,0.366598,0.337522,0.363,4739527.20592468
2018-03-06,0.362952,0.41,0.348,0.348,7234293.94778388
2018-03-07,0.348,0.368499,0.32,0.3329,4643565.03974862
2018-03-08,0.3335,0.349999,0.29,0.325168,9540394.14413248
2018-03-09,0.32336,0.33988,0.300002,0.306499,5092225.28365764
2018-03-10,0.3065,0.312499,0.260401,0.305571,10457503.65815299
2018-03-11,0.307,0.318296,0.281001,0.287913,3558655.7168421
2018-03-12,0.285,0.304698,0.270051,0.301762,3565285.46566259
2018-03-13,0.302,0.3085,0.277101,0.286,2627833.86002239
2018-03-14,0.287399,0.29824,0.2767,0.2851,1671756.63198207
2018-03-15,0.28923,0.29679,0.233206,0.242892,6324235.3409752
2018-03-16,0.2435,0.24774,0.204004,0.238042,8555513.09884692
2018-03-17,0.239099,0.2418,0.221001,0.2305,3715971.75896623
2018-03-18,0.229497,0.23461,0.197074,0.206304,4845994.59719314
2018-03-19,0.203,0.222,0.157,0.219299,21187459.92010943
2018-03-20,0.219299,0.258,0.20711,0.2479,9525573.91588581
2018-03-21,0.245801,0.284899,0.231201,0.2668,7571663.14235633
2018-03-22,0.26528,0.2722,0.243895,0.250104,8801580.02529919
2018-03-23,0.2486,0.256499,0.223001,0.24124,6244118.67072925
2018-03-24,0.2413,0.2413,0.2221,0.23596,5919516.75858593
2018-03-25,0.238,0.245,0.2313,0.2318,3178969.6197442
2018-03-26,0.2313,0.24368,0.2292,0.239403,2714374.61877125
2018-03-27,0.239697,0.245,0.213001,0.2276,4844108.57582952
2018-03-28,0.226061,0.22955,0.2012,0.214703,7975260.96835086
2018-03-29,0.213649,0.22609,0.213,0.218199,2182894.56792581
2018-03-30,0.2185,0.219551,0.183001,0.189005,13179433.91042321
2018-03-31,0.189278,0.19983,0.172771,0.184274,8533022.37321938
2018-04-01,0.186193,0.2217,0.186193,0.203963,5878939.33525213
2018-04-02,0.206096,0.210469,0.177345,0.204,5581967.83273936
2018-04-03,0.2048,0.235,0.202001,0.223399,10158936.3024816
2018-04-04,0.223396,0.23796,0.22302,0.230028,8935214.67370676
2018-04-05,0.230541,0.233594,0.1986,0.202597,8863957.61174239
2018-04-06,0.2021,0.2071,0.19,0.1955,9357313.71855527
2018-04-07,0.19625,0.19895,0.1879,0.192684,2721626.14492283
2018-04-08,0.192991,0.20769,0.19152,0.20074,4733560.37753474
2018-04-09,0.202093,0.209998,0.200203,0.2049,969787.08171982
2018-04-10,0.205954,0.213817,0.19047,0.195331,3573562.6340566
2018-04-11,0.19683,0.204899,0.194843,0.198008,2266400.75806021
2018-04-12,0.199097,0.214,0.19612,0.2134,7250997.66878017
2018-04-13,0.2125,0.247769,0.20558,0.246448,13754249.46377177
2018-04-14,0.2463,0.270587,0.23248,0.247083,14113741.92661283
2018-04-15,0.246389,0.264509,0.24122,0.254944,3244844.19152409
2018-04-16,0.255,0.3045,0.253997,0.295,10331189.96784081
2018-04-17,0.296599,0.30929,0.270001,0.2859,8597944.59015986
2018-04-18,0.2859,0.32,0.2615,0.3008,15248975.88295429
2018-04-19,0.3004,0.35988,0.2918,0.3538,13529057.29056249
2018-04-20,0.354699,0.38,0.346,0.3673,16006621.56766708
2018-04-21,0.366999,0.401878,0.3145,0.393,19901918.54341557
2018-04-22,0.393,0.40246,0.342,0.3733,7106949.23140603
2018-04-23,0.373199,0.3867,0.361805,0.366083,3692451.21597294
2018-04-24,0.363721,0.37888,0.363125,0.3733,2567240.17122153
2018-04-25,0.37331,0.41,0.369645,0.39751,8448758.54114718
2018-04-26,0.394001,0.40244,0.32101,0.3362,15028295.03930698
2018-04-27,0.335666,0.386888,0.32683,0.385,7751848.65014873
2018-04-28,0.384999,0.42438,0.381149,0.382,9381181.76699899
2018-04-29,0.384797,0.43444,0.315,0.429635,8702884.42678702
2018-04-30,0.42692,0.462,0.41389,0.456,7672321.27656078
2018-05-01,0.456,0.458887,0.4111,0.424,3861762.69665107
2018-05-02,0.423999,0.4498,0.39,0.439,10298894.36989721
2018-05-03,0.439989,0.447509,0.43,0.439986,3034796.71700557
2018-05-04,0.439987,0.442969,0.427,0.436,7880259.45183162
2018-05-05,0.43209,0.437991,0.42,0.4295,2826682.00271718
2018-05-06,0.4295,0.4343,0.42097,0.426006,2172108.80482715
2018-05-07,0.4265,0.430062,0.4,0.408488,2501536.53828265
2018-05-08,0.408489,0.409984,0.372349,0.394192,3616312.734262
2018-05-09,0.39419,0.41,0.3713,0.38229,3833574.57673561
2018-05-10,0.379501,0.386,0.356006,0.37,4585826.38592248
2018-05-11,0.370014,0.3838,0.3455,0.3457,2646586.54082984
2018-05-12,0.348318,0.35077,0.297,0.31,10505930.57012653
2018-05-13,0.313428,0.3624,0.298014,0.35725,5942888.13602921
2018-05-14,0.357251,0.378,0.34908,0.36902,4077212.27345768
2018-05-15,0.369001,0.38,0.34055,0.3634,4183899.30303491
2018-05-16,0.3626,0.371983,0.34152,0.342,3453294.39529965
2018-05-17,0.341,0.3424,0.31644,0.3316,8990188.61129822
2018-05-18,0.33251,0.34,0.30237,0.305602,2042127.46790724
2018-05-19,0.3043,0.3193,0.298843,0.317,1837091.18752091
2018-05-20,0.317,0.32719,0.30787,0.311501,1079647.34633416
2018-05-21,0.312405,0.33326,0.312209,0.326054,3605141.32132395
2018-05-22,0.326505,0.3299,0.307002,0.31324,2027330.94541325
2018-05-23,0.3139,0.319146,0.2909,0.292731,3572226.20128768
2018-05-24,0.29353,0.29424,0.263,0.275997,4052745.44312906
2018-05-25,0.274257,0.3,0.26525,0.292,8744643.60632773
2018-05-26,0.292,0.3037,0.2811,0.2867,3493731.11940438
2018-05-27,0.286929,0.297639,0.281,0.2832,1280263.39609437
2018-05-28,0.2831,0.283396,0.269712,0.273657,6201516.11896817
2018-05-29,0.273307,0.276869,0.247549,0.247672,2028252.17244086
2018-05-30,0.249397,0.286219,0.2451,0.282699,7219908.08554875
2018-05-31,0.2821,0.29439,0.264,0.275803,7697043.85433101
2018-06-01,0.2755,0.312,0.271001,0.296636,5650050.23613415
2018-06-02,0.297199,0.2972,0.27889,0.286206,4056849.53541523
2018-06-03,0.288,0.301,0.286585,0.29889,2959299.08710312
2018-06-04,0.295771,0.312,0.295771,0.30475,5672414.03335012
2018-06-05,0.30401,0.31,0.285,0.2887,4071598.91684192
2018-06-06,0.2907,0.299462,0.2806,0.2929,1957361.96937498
2018-06-07,0.2929,0.3058,0.282001,0.299286,1574652.18099534
2018-06-08,0.297303,0.304899,0.29014,0.291081,1737272.70925698
2018-06-09,0.29134,0.297,0.28502,0.286472,3362450.55292179
2018-06-10,0.286481,0.291762,0.280642,0.280656,497595.46911645
2018-06-11,0.281499,0.281499,0.23708,0.246289,8557978.66702206
2018-06-12,0.24629,0.251896,0.21,0.25151,5124816.38600059
2018-06-13,0.252874,0.253462,0.2239,0.227579,3464156.23857336
2018-06-14,0.22728,0.22996,0.205,0.218102,3641065.04991911
2018-06-15,0.2182,0.29,0.2166,0.242132,6773202.11163487
2018-06-16,0.242219,0.242222,0.228001,0.23,2267839.63630562
2018-06-17,0.228802,0.233602,0.2235,0.230333,1388517.78057136
2018-06-18,0.229659,0.23319,0.226492,0.2292,392714.56829927
2018-06-19,0.228889,0.25,0.221379,0.232371,3459676.93664441
2018-06-20,0.232098,0.241246,0.230468,0.235,1679929.34264076
2018-06-21,0.233097,0.23677,0.224048,0.23098,1579618.52216528
2018-06-22,0.23092,0.24,0.225,0.225999,1874115.24227584
2018-06-23,0.2272,0.227548,0.19028,0.2,7157141.22570746
2018-06-24,0.1999,0.204999,0.19501,0.202043,2053428.23681478
2018-06-25,0.201949,0.2024,0.176272,0.19381,6219077.59401615
2018-06-26,0.193003,0.202,0.188608,0.198238,4221363.53711386
2018-06-27,0.198307,0.198307,0.182,0.182,3553875.66446248
2018-06-28,0.1825,0.192383,0.180997,0.190804,1503018.67468485
2018-06-29,0.191466,0.191811,0.176,0.17709,2381475.82231585
2018-06-30,0.176793,0.19,0.171,0.187085,5906672.03025422
2018-07-01,0.1871,0.2022,0.184999,0.192017,6350162.40145779
2018-07-02,0.193298,0.202,0.188501,0.19908,5559669.9663286
2018-07-03,0.199493,0.21803,0.193211,0.215449,3906148.65615866
2018-07-04,0.21418,0.222,0.20178,0.204859,8736513.53768951
2018-07-05,0.204148,0.2172,0.200331,0.210628,1427358.42093402
2018-07-06,0.210274,0.213257,0.197137,0.201,1953074.48172994
2018-07-07,0.20124,0.21,0.195807,0.206939,2733766.85043982
2018-07-08,0.206729,0.209,0.19916,0.208909,1625036.37583863
2018-07-09,0.209512,0.219079,0.2075,0.20956,4675558.27901721
2018-07-10,0.210643,0.2135,0.206401,0.207,14333727.08603276
2018-07-11,0.207,0.208988,0.190837,0.190838,1887194.21773356
2018-07-12,0.1909,0.19665,0.183387,0.189272,3805226.7273144
2018-07-13,0.189,0.189275,0.180102,0.182955,1896369.16052184
2018-07-14,0.1845,0.208094,0.182598,0.207493,5437171.58975072
2018-07-15,0.206381,0.2137,0.196596,0.209,3044764.61486393
2018-07-16,0.209,0.222222,0.206824,0.218747,5187772.25753113
2018-07-17,0.2214,0.239995,0.219,0.239888,3708465.2669445
2018-07-18,0.238979,0.256677,0.228798,0.25485,8109858.74260828
2018-07-19,0.25485,0.33,0.25485,0.299009,24034905.34935232
2018-07-20,0.297,0.33,0.28,0.30529,37945637.11147425
2018-07-21,0.303939,0.30408,0.262635,0.269272,8028713.46770207
2018-07-22,0.26925,0.297112,0.255,0.2928,4996992.64115224
2018-07-23,0.2928,0.307218,0.280027,0.283689,3773926.65186402
2018-07-24,0.283165,0.303247,0.281888,0.286605,8834763.99133467
2018-07-25,0.28533,0.306996,0.281,0.3009,8698237.59323865
2018-07-26,0.3009,0.352,0.295,0.332037,8034166.01962852
2018-07-27,0.333832,0.35,0.292453,0.309898,11829955.36783058
2018-07-28,0.3081,0.325,0.294425,0.316443,5824641.0887616
2018-07-29,0.316443,0.322495,0.307056,0.314001,1485308.46857651
2018-07-30,0.314872,0.319865,0.303731,0.308233,1621524.09427202
2018-07-31,0.3083,0.3083,0.27,0.294025,49062693.22135323
2018-08-01,0.294999,0.295,0.267,0.275147,18938834.75154702
2018-08-02,0.275201,0.2839,0.262404,0.276001,7378496.55315351
2018-08-03,0.276715,0.2802,0.259,0.260715,3285034.63013512
2018-08-04,0.26,0.269802,0.246,0.25734,8904614.42126694
2018-08-05,0.256494,0.261039,0.230402,0.239533,9275252.4321303
2018-08-06,0.236598,0.245784,0.232722,0.243,4405297.87446416
2018-08-07,0.243,0.247,0.227919,0.23314,2906418.11775043
2018-08-08,0.233,0.247,0.224477,0.228,6217427.37536913
2018-08-09,0.2269,0.2269,0.193401,0.197655,9680838.17705543
2018-08-10,0.197808,0.22825,0.197,0.22113,5304960.43482088
2018-08-11,0.22113,0.247,0.211018,0.222806,14195707.00906697
2018-08-12,0.223108,0.227999,0.198,0.2166,11608114.46461046
2018-08-13,0.216319,0.228997,0.214,0.223326,4793894.39114889
2018-08-14,0.222462,0.244852,0.219001,0.220819,4996579.05512768
2018-08-15,0.220021,0.221604,0.194762,0.218096,13716067.02461536
2018-08-16,0.2172,0.2314,0.212999,0.21517,8259136.12730971
2018-08-17,0.215065,0.221288,0.20786,0.214,3831099.77208152
2018-08-18,0.214,0.240844,0.213522,0.2401,4601959.5899012
2018-08-19,0.240828,0.246676,0.216923,0.223054,5715261.59626807
2018-08-20,0.223739,0.235382,0.220668,0.2288,2625065.09111607
2018-08-21,0.22918,0.233317,0.21,0.213084,5507655.10612854
2018-08-22,0.212947,0.22,0.211608,0.2195,1856613.39164789
2018-08-23,0.219499,0.23015,0.202033,0.208341,3277858.88340866
2018-08-24,0.21,0.217453,0.207242,0.216458,2615087.23429997
2018-08-25,0.216516,0.219479,0.211645,0.217616,797303.40735423
2018-08-26,0.219063,0.220248,0.214083,0.218376,1087558.41553575
2018-08-27,0.217974,0.218578,0.209969,0.213468,678139.40818781
2018-08-28,0.213882,0.229,0.213468,0.228172,2873838.69027952
2018-08-29,0.226321,0.240788,0.22427,0.235655,5002617.10558331
2018-08-30,0.235655,0.236879,0.221115,0.2265,7296480.71699364
2018-08-31,0.227186,0.229123,0.213,0.222,4215236.28832329
2018-09-01,0.222,0.224081,0.215003,0.223409,2959558.57430361
2018-09-02,0.223517,0.235,0.222143,0.229,3390535.4553259
2018-09-03,0.229685,0.231679,0.222013,0.22443,1414353.92174069
2018-09-04,0.2255,0.225672,0.21701,0.22,2052682.45751247
2018-09-05,0.22,0.235,0.217376,0.230837,2157882.04765459
2018-09-06,0.232458,0.233991,0.201036,0.204448,5649235.63906497
2018-09-07,0.201982,0.208534,0.19138,0.207766,7251422.92971723
2018-09-08,0.204851,0.213,0.196094,0.2058,1426878.81679487
2018-09-09,0.20609,0.207,0.190108,0.193764,2163040.49858019
2018-09-10,0.193666,0.198999,0.1875,0.1891,2098884.89879426
2018-09-11,0.18918,0.194431,0.186,0.190249,1407785.81206406
2018-09-12,0.19025,0.21,0.182,0.1987,4664434.03720685
2018-09-13,0.20137,0.21,0.184,0.19701,4026616.96784835
2018-09-14,0.199769,0.213056,0.199269,0.207689,4939990.67758573
2018-09-15,0.206336,0.209257,0.1975,0.201,2697967.87057315
2018-09-16,0.201,0.2061,0.200113,0.203254,1484698.85655542
2018-09-17,0.201423,0.208696,0.197701,0.20594,1485775.2753387
2018-09-18,0.20633,0.209194,0.192268,0.195323,2083566.11163424
2018-09-19,0.19587,0.215225,0.193166,0.208339,3721058.06787613
2018-09-20,0.207508,0.211108,0.198501,0.205821,2259636.0827193
2018-09-21,0.205821,0.247999,0.2053,0.231471,15407914.32683425
2018-09-22,0.233202,0.279988,0.23086,0.250533,27198616.11881521
2018-09-23,0.249291,0.25195,0.231103,0.2404,3789280.50020575
2018-09-24,0.238682,0.3035,0.23804,0.281168,22002532.28976095
2018-09-25,0.280455,0.283499,0.251989,0.2583,10932677.70038505
2018-09-26,0.2583,0.2583,0.229634,0.253766,11447040.06297686
2018-09-27,0.251452,0.259284,0.236944,0.24539,5113340.56052034
2018-09-28,0.244061,0.2689,0.24296,0.260183,6290405.54868974
2018-09-29,0.260796,0.263899,0.248588,0.252,5405897.3234077
2018-09-30,0.250732,0.259,0.242095,0.253327,3662388.96434417
2018-10-01,0.2527,0.262289,0.2506,0.25967,2030996.63242392
2018-10-02,0.258002,0.26364,0.250613,0.258071,6698348.90984801
2018-10-03,0.256723,0.259628,0.2451,0.24625,5902174.16174326
2018-10-04,0.24554,0.247346,0.2351,0.23891,3110805.43256454
2018-10-05,0.240339,0.247002,0.2389,0.242397,2627348.89945513
2018-10-06,0.242441,0.245894,0.238889,0.2456,2536544.3414975
2018-10-07,0.2456,0.245657,0.237201,0.240816,515791.81028807
2018-10-08,0.238882,0.243273,0.236811,0.242579,587570.82895076
2018-10-09,0.242635,0.24734,0.24,0.24734,2099980.50123949
2018-10-10,0.24734,0.247884,0.241209,0.245461,1823393.94269992
2018-10-11,0.24498,0.24498,0.237523,0.23995,904055.44616368
2018-10-12,0.2385,0.2385,0.201,0.201,9574093.7968937
2018-10-13,0.202882,0.216543,0.201507,0.212685,1651033.92280057
2018-10-14,0.212071,0.21519,0.211524,0.211524,516020.78143263
2018-10-15,0.211524,0.214382,0.204408,0.205606,1151883.29040773
2018-10-16,0.204805,0.22547,0.20318,0.21847,5621494.24301403
2018-10-17,0.218186,0.227999,0.217951,0.226517,2005517.21502255
2018-10-18,0.226358,0.2414,0.22523,0.23841,3777095.62581887
2018-10-19,0.23819,0.244197,0.226788,0.237113,5916077.49758576
2018-10-20,0.23784,0.245,0.232123,0.243618,4241249.59903715
2018-10-21,0.244581,0.249999,0.241014,0.245794,3008685.7986549
2018-10-22,0.245717,0.2478,0.241256,0.241475,1118697.27125056
2018-10-23,0.241257,0.243195,0.237778,0.242121,2194017.25764987
2018-10-24,0.241325,0.245673,0.236602,0.240203,1356737.15815068
2018-10-25,0.239676,0.2411,0.234826,0.235455,972599.25673984
2018-10-26,0.236131,0.236838,0.232123,0.233499,497215.56701949
2018-10-27,0.23336,0.2345,0.23,0.233262,1064795.22211092
2018-10-28,0.233263,0.233999,0.2275,0.228,400336.29906403
2018-10-29,0.228,0.2342,0.226897,0.231756,630019.84746407
2018-10-30,0.231371,0.233065,0.214003,0.220218,2989937.71613491
2018-10-31,0.22,0.223816,0.219,0.22092,1013898.62359637
2018-11-01,0.22092,0.224888,0.215256,0.224888,1019433.80686282
2018-11-02,0.223673,0.225645,0.222194,0.224,402696.4388092
2018-11-03,0.224001,0.238,0.224001,0.235515,2526422.41372404
2018-11-04,0.234302,0.240998,0.2334,0.2355,1794982.35728055
2018-11-05,0.234051,0.247423,0.234051,0.243,3338100.41324206
2018-11-06,0.243,0.248,0.2401,0.247101,3581009.93975232
2018-11-07,0.247101,0.267052,0.247101,0.266029,13985490.35619774
2018-11-08,0.265142,0.266465,0.252359,0.256115,3457545.91169287
2018-11-09,0.256165,0.26499,0.248,0.254901,6136478.85856965
2018-11-10,0.254898,0.263902,0.250527,0.255054,3088456.4504447
2018-11-11,0.255267,0.261999,0.254041,0.261236,790878.4161657
2018-11-12,0.261298,0.276593,0.260126,0.2742,7791453.9152725
2018-11-13,0.274264,0.282242,0.264839,0.266039,5060755.66908046
2018-11-14,0.265715,0.268424,0.252,0.253882,3035120.02461168
2018-11-15,0.252909,0.252909,0.210496,0.228,17158985.89469322
2018-11-16,0.228,0.242499,0.208,0.23694,6052015.68632724
2018-11-17,0.236941,0.244599,0.229681,0.235501,6736690.29218668
2018-11-18,0.2356,0.244707,0.230006,0.242559,3490453.20650613
2018-11-19,0.242644,0.253774,0.242566,0.248261,2749551.10652488
2018-11-20,0.24776,0.24776,0.218768,0.220109,13556772.18582805
2018-11-21,0.220459,0.227458,0.176036,0.189234,22298763.39277404
2018-11-22,0.188451,0.207163,0.176325,0.200863,9334462.74416141
2018-11-23,0.200693,0.202606,0.181511,0.181949,4744869.41250494
2018-11-24,0.182679,0.186113,0.171775,0.179367,5425292.74235976
2018-11-25,0.179367,0.183,0.141162,0.15,12352014.58256153
2018-11-26,0.15,0.177777,0.127154,0.15742,29736789.82951617
2018-11-27,0.15742,0.162,0.132708,0.142825,10293105.03991364
2018-11-28,0.14188,0.1465,0.134075,0.14325,4458338.96825503
2018-11-29,0.14359,0.166543,0.142721,0.15952,6730687.35163566
2018-11-30,0.159824,0.171951,0.152,0.162873,7895799.8675591
2018-12-01,0.163183,0.172343,0.150745,0.156732,6059136.7991658
2018-12-02,0.156398,0.168138,0.155,0.1624,6086341.38361294
2018-12-03,0.162377,0.165951,0.156712,0.158087,5007127.92672292
2018-12-04,0.158799,0.160696,0.145104,0.145104,6473780.26708775
2018-12-05,0.146923,0.152192,0.141246,0.144692,4889018.88815846
2018-12-06,0.144854,0.145,0.129364,0.131371,8923069.82814691
2018-12-07,0.131175,0.13663,0.1151,0.115641,8864535.11468531
2018-12-08,0.115517,0.118445,0.104584,0.113671,26123985.97512034
2018-12-09,0.113693,0.123796,0.109904,0.116881,9053623.58865261
2018-12-10,0.11521,0.124973,0.11351,0.120691,5146100.27803062
2018-12-11,0.120905,0.122345,0.112844,0.114867,4318892.50698543
2018-12-12,0.114734,0.11612,0.109599,0.109997,7164678.70407415
2018-12-13,0.10975,0.114491,0.10921,0.111651,4862124.13318762
2018-12-14,0.111633,0.111633,0.101387,0.10325,4906733.74698691
2018-12-15,0.10325,0.10344,0.092632,0.095319,9807419.92476285
2018-12-16,0.095856,0.097672,0.09093,0.093395,3665227.55267658
2018-12-17,0.093709,0.09941,0.093204,0.094644,1987691.03494116
2018-12-18,0.0945,0.112085,0.0944,0.108292,7547482.58406523
2018-12-19,0.108586,0.114,0.104488,0.114,8179677.61253379
2018-12-20,0.114,0.127136,0.111463,0.112227,21187481.29912006
2018-12-21,0.112227,0.12671,0.11113,0.125045,12339573.25168575
2018-12-22,0.124036,0.133598,0.114493,0.118355,9343131.54661868
2018-12-23,0.118351,0.121716,0.115,0.121054,4506852.40802631
2018-12-24,0.121054,0.128188,0.11983,0.125,6401410.37924265
2018-12-25,0.125079,0.142821,0.125079,0.130896,15261988.67436907
2018-12-26,0.131547,0.132063,0.1156,0.119471,6111736.86926517
2018-12-27,0.118823,0.123898,0.114084,0.119297,6178909.69749804
2018-12-28,0.119071,0.119339,0.1071,0.10804,2712831.98283696
2018-12-29,0.108003,0.1224,0.106116,0.12042,3485988.41653933
2018-12-30,0.120131,0.121697,0.114502,0.115053,2721391.77134231
2018-12-31,0.11523,0.118271,0.11302,0.116067,1937371.11822415
2019-01-01,0.116284,0.116965,0.108003,0.10932,5139358.81086804
2019-01-02,0.109636,0.114592,0.108308,0.114592,3104530.8998476
2019-01-03,0.114522,0.118739,0.112743,0.1177,2499010.97807426
2019-01-04,0.1176,0.1176,0.111411,0.112003,2130366.00619088
2019-01-05,0.111638,0.114145,0.110578,0.113708,2203711.94347579
2019-01-06,0.113679,0.114824,0.11218,0.112244,1426894.24902181
2019-01-07,0.112223,0.121581,0.111485,0.12027,4993997.71986176
2019-01-08,0.120268,0.124866,0.119661,0.123032,6315594.82063403
2019-01-09,0.123032,0.125805,0.118919,0.12267,5954947.53357274
2019-01-10,0.122486,0.123907,0.1209,0.123304,2638320.94277123
2019-01-11,0.123333,0.128471,0.102534,0.107218,7117791.11020274
2019-01-12,0.106973,0.108025,0.10311,0.10463,2736218.44059568
2019-01-13,0.104579,0.105776,0.103891,0.105383,1868490.58813685
2019-01-14,0.105169,0.111882,0.1,0.101852,2736724.34195162
2019-01-15,0.102231,0.11,0.102231,0.108266,3111646.34635924
2019-01-16,0.108402,0.108925,0.102745,0.104579,2265127.14897228
2019-01-17,0.1045,0.108023,0.104287,0.106,1339786.60742582
2019-01-18,0.106,0.10902,0.103379,0.107517,6035010.1981649
2019-01-19,0.107947,0.107947,0.104812,0.105365,537417.82499686
2019-01-20,0.105995,0.109876,0.105922,0.10698,2398119.12522926
2019-01-21,0.106664,0.1078,0.101161,0.102803,3233895.33106411
2019-01-22,0.102773,0.103231,0.100809,0.102174,1408465.68878188
2019-01-23,0.101662,0.103015,0.098278,0.102155,2730801.86233629
2019-01-24,0.102025,0.10275,0.098088,0.100829,2411311.99544067
2019-01-25,0.100576,0.10157,0.099254,0.100713,1036660.92308469
2019-01-26,0.10053,0.100932,0.098022,0.099198,2432978.495633
2019-01-27,0.099212,0.1035,0.09634,0.097737,2398715.76728306
2019-01-28,0.097758,0.097933,0.092746,0.0938,2729080.41954399
2019-01-29,0.0938,0.094106,0.083116,0.085756,6199350.51872193
2019-01-30,0.085923,0.08619,0.080199,0.082141,3178765.04313256
2019-01-31,0.081208,0.087284,0.080431,0.084504,4244140.23338055
2019-02-01,0.084705,0.087391,0.0804,0.080864,3008845.63906732
2019-02-02,0.081,0.082999,0.078109,0.080352,4574333.41667112
2019-02-03,0.080318,0.082603,0.079779,0.081889,2393261.88908472
2019-02-04,0.08231,0.082522,0.077155,0.078883,2060807.28506057
2019-02-05,0.078766,0.079698,0.077581,0.077581,1021982.2929313
2019-02-06,0.077526,0.077701,0.075251,0.076322,4476852.74863563
2019-02-07,0.076251,0.076292,0.06651,0.073209,7417373.59229229
2019-02-08,0.072402,0.07612,0.071996,0.073418,1317195.64235035
2019-02-09,0.073284,0.082763,0.072427,0.080453,5721469.6169509
2019-02-10,0.080087,0.081366,0.078559,0.07971,3384352.19353521
2019-02-11,0.07967,0.080507,0.075233,0.079394,3499914.56437659
2019-02-12,0.079701,0.079701,0.075713,0.076029,3704970.45079858
2019-02-13,0.076066,0.07693,0.074036,0.07623,5212076.14697826
2019-02-14,0.07603,0.0774,0.074772,0.0757,1988071.19961572
2019-02-15,0.075608,0.075916,0.074051,0.07529,2227800.76881895
2019-02-16,0.07535,0.080794,0.075045,0.078545,7243687.54963332
2019-02-17,0.078545,0.078545,0.076956,0.077522,366908.20566981
2019-02-18,0.077,0.079254,0.07665,0.078931,940238.29143738
2019-02-19,0.078657,0.083655,0.078274,0.082452,8137038.18914848
2019-02-20,0.082737,0.092934,0.082392,0.089819,14026332.89077322
2019-02-21,0.0894,0.098,0.085728,0.091536,5367553.59850764
2019-02-22,0.091911,0.093463,0.087,0.088,3833160.36882389
2019-02-23,0.088,0.091978,0.087794,0.0905,2405864.66233658
2019-02-24,0.090505,0.095965,0.088532,0.093879,4603341.90600987
2019-02-25,0.094166,0.097999,0.080792,0.082,11626488.57533859
2019-02-26,0.082026,0.089084,0.082025,0.085351,4278585.0790313
2019-02-27,0.085353,0.086638,0.083001,0.084228,4719361.92630669
2019-02-28,0.084228,0.085126,0.080491,0.08407,2385427.31327425
2019-03-01,0.083657,0.085165,0.08226,0.083897,1559874.27189326
2019-03-02,0.084164,0.085988,0.083619,0.0846,633628.61884847
2019-03-03,0.084687,0.085212,0.08224,0.083366,596270.52048689
2019-03-04,0.083455,0.089413,0.082207,0.087143,2947775.80681434
2019-03-05,0.086826,0.087463,0.08,0.081593,1521293.64866747
2019-03-06,0.081524,0.085895,0.080851,0.085033,3215005.50079467
2019-03-07,0.085247,0.085592,0.0836,0.084659,1422486.94134666
2019-03-08,0.084559,0.085686,0.0837,0.084702,848592.70596009
2019-03-09,0.08477,0.089,0.0847,0.085741,2279011.36178735
2019-03-10,0.085738,0.09161,0.085259,0.089699,3014476.56682835
2019-03-11,0.089707,0.10373,0.08923,0.099958,21808143.69343386
2019-03-12,0.100276,0.109627,0.098746,0.101181,16313101.31583373
2019-03-13,0.101184,0.107029,0.095649,0.10435,14975235.14488291
2019-03-14,0.105198,0.113,0.100093,0.108592,4525009.66838748
2019-03-15,0.108666,0.122699,0.10463,0.1062,9280975.88285291
2019-03-16,0.106453,0.107578,0.102741,0.105989,6031720.836313
2019-03-17,0.105964,0.109807,0.10575,0.1081,7787365.71751691
2019-03-18,0.108,0.108784,0.105683,0.108545,3487624.75266096
2019-03-19,0.108421,0.12,0.105506,0.115505,26799869.30585535
2019-03-20,0.115505,0.118775,0.109623,0.111822,30410121.76515824
2019-03-21,0.111822,0.112969,0.106831,0.108564,23239685.19929003
2019-03-22,0.108989,0.109726,0.100072,0.105622,25951473.51430988
2019-03-23,0.105617,0.11,0.10395,0.108345,15126406.98656302
2019-03-24,0.107846,0.109984,0.105458,0.106601,16331827.63083628
2019-03-25,0.106409,0.10813,0.103,0.104027,10876057.94224766
2019-03-26,0.103771,0.104399,0.09817,0.099667,16004747.91958782
2019-03-27,0.099699,0.105499,0.096,0.102149,15013860.99075055
2019-03-28,0.102149,0.108,0.10141,0.107447,17019653.84793135
2019-03-29,0.107446,0.1079,0.102795,0.106298,12865896.27444346
2019-03-30,0.106052,0.1086,0.105185,0.107355,17361711.16898264
2019-03-31,0.107355,0.1075,0.1042,0.106863,9030395.58183741
2019-04-01,0.106863,0.108474,0.1058,0.108371,8120182.18782375
2019-04-02,0.107992,0.1145,0.106998,0.110335,15061717.71079066
2019-04-03,0.110335,0.1241,0.109921,0.122508,49234711.5395845
2019-04-04,0.122878,0.13899,0.11,0.121,61115434.66569021
2019-04-05,0.121,0.125763,0.113627,0.117699,25909141.60165256
2019-04-06,0.1177,0.131031,0.117691,0.127893,29594697.95688273
2019-04-07,0.127893,0.13,0.121655,0.125201,17039397.77114667
2019-04-08,0.124813,0.13572,0.123513,0.132536,24455892.92144918
2019-04-09,0.132362,0.136945,0.125301,0.131338,25338442.19388041
2019-04-10,0.131228,0.132127,0.124522,0.125078,16386970.87266241
2019-04-11,0.125096,0.13,0.123801,0.126564,17801275.77805654
2019-04-12,0.126302,0.12685,0.11108,0.115517,24416673.10093321
2019-04-13,0.11513,0.118982,0.110071,0.114,17047388.3520281
2019-04-14,0.114,0.11795,0.113176,0.11594,9113944.37833904
2019-04-15,0.11594,0.119097,0.11361,0.118175,8818133.49454588
2019-04-16,0.118175,0.120269,0.11,0.112666,16157015.07368461
2019-04-17,0.112666,0.116864,0.11058,0.115368,11555207.09856358
2019-04-18,0.115366,0.117432,0.114259,0.117024,10667528.19451136
2019-04-19,0.116945,0.120326,0.116202,0.117718,14709290.4999371
2019-04-20,0.117671,0.117926,0.114,0.115855,9734446.92191708
2019-04-21,0.115645,0.119255,0.113561,0.115736,13632313.74512979
2019-04-22,0.115737,0.116179,0.108641,0.111877,13578936.79658996
2019-04-23,0.111825,0.115423,0.109293,0.11301,10001522.39824256
2019-04-24,0.11301,0.113977,0.109096,0.10957,13442166.35954371
2019-04-25,0.10957,0.109987,0.099002,0.103249,28570654.45922045
2019-04-26,0.1031,0.106,0.093002,0.096924,23595203.24819542
2019-04-27,0.097177,0.099994,0.094472,0.097319,19396882.74139786
2019-04-28,0.09702,0.100355,0.096364,0.09808,11611156.77056742
2019-04-29,0.09808,0.099605,0.095045,0.095898,6873738.4315342
2019-04-30,0.095978,0.097513,0.093001,0.09405,10299734.43742767
2019-05-01,0.094068,0.100194,0.09344,0.099704,14542695.12443057
2019-05-02,0.099997,0.102918,0.09873,0.099802,12556582.65894782
2019-05-03,0.099802,0.100604,0.097219,0.097796,8205735.95884927
2019-05-04,0.097713,0.10223,0.096727,0.100222,16383436.85873357
2019-05-05,0.100222,0.103,0.09521,0.097615,11646973.21773732
2019-05-06,0.097549,0.099248,0.0955,0.096,8071566.57499425
2019-05-07,0.096,0.09816,0.092556,0.096061,11662024.64769165
2019-05-08,0.096167,0.098922,0.092,0.092369,13409293.12811729
2019-05-09,0.092001,0.092924,0.090573,0.0917,13707851.32291294
2019-05-10,0.091742,0.093299,0.086206,0.08889,29769111.0604578
2019-05-11,0.088882,0.093868,0.0869,0.092307,19670590.27158545
2019-05-12,0.092298,0.11,0.092001,0.104705,45336302.1921371
2019-05-13,0.105354,0.106499,0.09453,0.099018,31812018.57934724
2019-05-14,0.099001,0.1042,0.097957,0.100011,34899098.17936703
2019-05-15,0.100224,0.117479,0.098517,0.114922,80712900.11891995
2019-05-16,0.113923,0.1468,0.113603,0.144999,81947165.11485992
2019-05-17,0.14195,0.1699,0.130348,0.138693,170066272.48580703
2019-05-18,0.138362,0.141,0.114832,0.132844,94296047.26252764
2019-05-19,0.132849,0.142,0.12848,0.131519,52434819.96164223
2019-05-20,0.13116,0.145799,0.1294,0.143,47949535.69463494
2019-05-21,0.142805,0.143485,0.128944,0.135999,30337429.37953753
2019-05-22,0.135797,0.137066,0.132002,0.134878,21735801.55770817
2019-05-23,0.134802,0.138922,0.12,0.122022,38719241.28334539
2019-05-24,0.12202,0.12692,0.117606,0.125551,25082844.89180344
2019-05-25,0.125651,0.12999,0.121363,0.125584,25011289.60226967
2019-05-26,0.125624,0.12889,0.124121,0.125646,13259206.15985491
2019-05-27,0.125524,0.13543,0.121462,0.134052,29907643.02268661
2019-05-28,0.134052,0.1449,0.13209,0.138466,44706520.51418605
2019-05-29,0.137957,0.142233,0.12729,0.139454,42519458.25192624
2019-05-30,0.139103,0.139998,0.130632,0.135532,33052831.4460131
2019-05-31,0.135622,0.144165,0.122561,0.129198,63172785.23193172
2019-06-01,0.1292,0.134999,0.124,0.133472,23797016.25178107
2019-06-02,0.133471,0.134949,0.128605,0.1325,15468556.06115379
2019-06-03,0.1325,0.138789,0.1321,0.136886,18553100.93136072
2019-06-04,0.136701,0.14,0.127004,0.127534,27258870.47545452
2019-06-05,0.1275,0.1275,0.116713,0.120849,44148671.04224946
2019-06-06,0.12084,0.125575,0.118712,0.121399,17860569.06026335
2019-06-07,0.121387,0.126099,0.118,0.124948,20225133.47169745
2019-06-08,0.125298,0.130511,0.123987,0.127777,22335387.42281715
2019-06-09,0.127228,0.12869,0.12278,0.124308,9006870.41350055
2019-06-10,0.124308,0.125197,0.1168,0.11909,14547879.37471699
2019-06-11,0.118998,0.124463,0.117056,0.123412,15636219.229322
2019-06-12,0.123413,0.123939,0.118853,0.123056,17553925.67162081
2019-06-13,0.123056,0.127997,0.120909,0.127504,20694946.21563294
2019-06-14,0.127506,0.128499,0.123787,0.12439,16039484.52310366
2019-06-15,0.124654,0.125985,0.120703,0.125678,18812509.17749359
2019-06-16,0.125678,0.128897,0.124346,0.127399,21933614.89615276
2019-06-17,0.127021,0.133749,0.1265,0.1299,36677108.99280782
2019-06-18,0.129674,0.132,0.126594,0.130899,26029307.57037299
2019-06-19,0.130899,0.131537,0.122,0.123754,25100166.22744493
2019-06-20,0.123754,0.126381,0.123002,0.124457,15286360.59674064
2019-06-21,0.124416,0.124623,0.120123,0.120945,25693139.51787446
2019-06-22,0.121449,0.124894,0.120999,0.12382,30487385.35825128
2019-06-23,0.123819,0.13499,0.12315,0.129189,59348523.56902993
2019-06-24,0.128912,0.1325,0.126509,0.12709,28257012.64071438
2019-06-25,0.127321,0.128499,0.124054,0.1278,16664879.23378993
2019-06-26,0.127792,0.129,0.119,0.123293,26984653.28035775
2019-06-27,0.123295,0.13219,0.11858,0.121731,85976017.34471539
2019-06-28,0.121421,0.123017,0.102243,0.107696,79740131.88004696
2019-06-29,0.107596,0.112205,0.10625,0.111232,27261366.24849736
2019-06-30,0.111388,0.118568,0.105289,0.114358,37874310.01805092
2019-07-01,0.114358,0.115137,0.103401,0.104099,21961381.04591859
2019-07-02,0.104099,0.109498,0.100101,0.105447,30654347.73480406
2019-07-03,0.105469,0.106359,0.0993,0.102981,30165509.42358308
2019-07-04,0.102971,0.106249,0.102303,0.106051,23382817.51579079
2019-07-05,0.106049,0.106539,0.098501,0.0993,20707965.05880043
2019-07-06,0.099326,0.101807,0.097402,0.100002,18361617.70892967
2019-07-07,0.100097,0.106586,0.100097,0.103783,16620615.30375387
2019-07-08,0.103801,0.106248,0.102215,0.106235,12842069.06856585
2019-07-09,0.10625,0.10643,0.103501,0.104527,15605497.09263689
2019-07-10,0.104602,0.105149,0.1004,0.101336,19948963.95054163
2019-07-11,0.101739,0.102499,0.0907,0.094713,41754191.34794432
2019-07-12,0.094712,0.095203,0.085,0.087316,34478360.46206979
2019-07-13,0.087172,0.1059,0.086284,0.098245,41654228.8879946
2019-07-14,0.098245,0.100997,0.089999,0.096341,22296690.78273422
2019-07-15,0.096249,0.096864,0.084538,0.085616,22403170.50143604
2019-07-16,0.085935,0.087999,0.080493,0.085883,28954789.31621086
2019-07-17,0.085796,0.088586,0.07802,0.07816,31943919.68195996
2019-07-18,0.07817,0.084466,0.075743,0.080673,29082241.21102875
2019-07-19,0.080978,0.093,0.079229,0.088585,29411791.41129311
2019-07-20,0.0884,0.095815,0.087049,0.093654,28078661.13170822
2019-07-21,0.093599,0.098731,0.091685,0.094897,22617365.54114518
2019-07-22,0.094897,0.094898,0.08876,0.091274,14045058.71205622
2019-07-23,0.091105,0.091802,0.085847,0.088467,12381010.53865578
2019-07-24,0.08845,0.088646,0.083184,0.084302,14681588.83419516
2019-07-25,0.084126,0.086719,0.081448,0.085999,11601387.3698355
2019-07-26,0.086195,0.089251,0.085101,0.085478,10196349.21003584
2019-07-27,0.085501,0.090016,0.083501,0.088151,10988278.39922639
2019-07-28,0.08815,0.090179,0.082704,0.084382,13484490.56420631
2019-07-29,0.084167,0.084738,0.080385,0.083904,8062441.19837601
2019-07-30,0.083971,0.085817,0.082426,0.083326,7986643.25818171
2019-07-31,0.083232,0.085359,0.08091,0.083465,9762970.94971889
2019-08-01,0.083499,0.085301,0.082983,0.084008,16375064.93071139
2019-08-02,0.084009,0.084132,0.0818,0.083,9807926.86272743
2019-08-03,0.082918,0.083544,0.08176,0.082086,10577782.09751453
2019-08-04,0.082052,0.083249,0.081528,0.082413,11097069.15752473
2019-08-05,0.082403,0.08275,0.080752,0.082182,7692297.4460199
2019-08-06,0.082193,0.084453,0.080614,0.0823,20608958.13627911
2019-08-07,0.082344,0.082344,0.076925,0.07823,25537917.78495562
2019-08-08,0.07841,0.079359,0.076568,0.078577,15889372.12812377
2019-08-09,0.078668,0.078749,0.075607,0.076952,17317781.98447983
2019-08-10,0.076955,0.077015,0.071588,0.071742,23213933.40327846
2019-08-11,0.071742,0.074799,0.071354,0.073665,20089365.42966065
2019-08-12,0.07352,0.080114,0.07338,0.07832,18722869.03340925
2019-08-13,0.078173,0.078319,0.075156,0.075295,10659915.9600733
2019-08-14,0.075302,0.075499,0.072242,0.07422,10184868.16811634
2019-08-15,0.074207,0.074499,0.065102,0.069001,33906549.48322489
2019-08-16,0.069214,0.070872,0.065449,0.070142,25064453.99195621
2019-08-17,0.07022,0.070586,0.066791,0.068722,14269437.32700409
2019-08-18,0.068405,0.069239,0.066666,0.06779,8188889.9967217
2019-08-19,0.067787,0.071764,0.067395,0.070833,10240713.2311668
2019-08-20,0.07081,0.071984,0.070268,0.071762,7757696.62187495
2019-08-21,0.071789,0.071993,0.06866,0.06866,8350065.95538644
2019-08-22,0.068851,0.06896,0.065631,0.066882,15217074.64206933
2019-08-23,0.066927,0.069562,0.065427,0.068267,13106053.73545281
2019-08-24,0.068264,0.0695,0.067503,0.069199,9772878.86360422
2019-08-25,0.069375,0.071207,0.067523,0.070579,9255712.51229014
2019-08-26,0.070417,0.072127,0.068217,0.069372,10588926.59650084
2019-08-27,0.069512,0.071499,0.068776,0.069451,6966050.70408824
2019-08-28,0.069566,0.069623,0.067333,0.068337,6555712.78252222
2019-08-29,0.068351,0.068498,0.063242,0.063912,15557086.83004646
2019-08-30,0.064138,0.064199,0.060401,0.061736,19281074.32816201
2019-08-31,0.061738,0.06346,0.061096,0.061886,8841679.7421062
2019-09-01,0.06182,0.073961,0.06031,0.062153,9318255.848444
2019-09-02,0.062186,0.062785,0.061027,0.062502,6067925.17107052
2019-09-03,0.062447,0.064182,0.061303,0.063096,8954435.85948356
2019-09-04,0.063161,0.064182,0.062449,0.063142,9833057.00365632
2019-09-05,0.06313,0.063178,0.061377,0.061871,10573729.3255049
2019-09-06,0.06187,0.062073,0.06,0.060565,11531387.64996661
2019-09-07,0.060546,0.061355,0.057746,0.058341,18687063.15558373
2019-09-08,0.05834,0.061498,0.057897,0.060599,10027973.14165214
2019-09-09,0.06094,0.061993,0.060161,0.061092,7167673.55365247
2019-09-10,0.061262,0.061721,0.059371,0.060465,9366841.77020822
2019-09-11,0.060136,0.060997,0.059,0.059741,9405419.74248677
2019-09-12,0.0596,0.060274,0.058091,0.059094,10645105.00141123
2019-09-13,0.059094,0.059094,0.057702,0.058659,11398129.9045826
2019-09-14,0.05866,0.058899,0.057077,0.057959,11306307.0045634
2019-09-15,0.057886,0.059793,0.057205,0.058901,15590542.28577671
2019-09-16,0.058901,0.0598,0.058132,0.058387,6833546.80473023
2019-09-17,0.058341,0.059148,0.05796,0.058763,10419551.85547043
2019-09-18,0.058705,0.066999,0.058138,0.063458,28725764.38529439
2019-09-19,0.063547,0.126,0.0635,0.082876,215177379.44617942
2019-09-20,0.082876,0.088841,0.074073,0.080944,140292075.11796534
2019-09-21,0.08103,0.081209,0.070504,0.071933,76848802.41170149
2019-09-22,0.071932,0.074278,0.069265,0.069626,31560383.27806494
2019-09-23,0.069736,0.07029,0.066539,0.068589,41008618.39434492
2019-09-24,0.068553,0.069242,0.063096,0.063373,37425279.08329558
2019-09-25,0.063499,0.065,0.052489,0.054151,107189794.69453855
2019-09-26,0.054122,0.0604,0.052201,0.057373,64264295.02036103
2019-09-27,0.057395,0.0624,0.053384,0.058564,79068877.0960803
2019-09-28,0.058401,0.05953,0.055699,0.058922,34629913.93657775
2019-09-29,0.059132,0.06,0.0573,0.05846,18772577.92020493
2019-09-30,0.058405,0.05889,0.056564,0.058114,14891014.24346719
2019-10-01,0.058114,0.062334,0.056274,0.062127,40930194.75343819
2019-10-02,0.062127,0.062255,0.058117,0.058875,30533371.43495472
2019-10-03,0.058968,0.0598,0.057651,0.059795,19199538.22511489
2019-10-04,0.059739,0.06,0.057852,0.058692,16695243.32969718
2019-10-05,0.058699,0.06047,0.057615,0.058729,20905224.10693948
2019-10-06,0.058729,0.059369,0.058,0.059056,15082202.21173741
2019-10-07,0.059164,0.059499,0.057055,0.058385,20213607.63476106
2019-10-08,0.058364,0.063878,0.05791,0.062176,38752932.94933452
2019-10-09,0.062273,0.063945,0.060624,0.061964,32816338.22611902
2019-10-10,0.061961,0.065399,0.061103,0.063317,45207103.87740109
2019-10-11,0.063175,0.06339,0.06095,0.061625,22733053.15956187
2019-10-12,0.061625,0.063,0.059199,0.059933,23290031.03767383
2019-10-13,0.059734,0.061938,0.059726,0.060926,8995866.41828959
2019-10-14,0.060935,0.062618,0.060603,0.061397,16574679.40581144
2019-10-15,0.061385,0.0663,0.06101,0.066259,39119506.26128453
2019-10-16,0.066259,0.06699,0.062287,0.063971,40502238.13195704
2019-10-17,0.063965,0.064388,0.060306,0.061713,24051646.66032496
2019-10-18,0.061664,0.065298,0.060926,0.0652,22091372.81717148
2019-10-19,0.065091,0.065398,0.061993,0.063167,18613933.99580787
2019-10-20,0.063145,0.063947,0.062135,0.062482,12479295.6633894
2019-10-21,0.062593,0.063971,0.061703,0.063404,12164439.17417592
2019-10-22,0.063308,0.064199,0.062752,0.063879,13196133.96848484
2019-10-23,0.063988,0.064989,0.063068,0.063288,18334729.6090884
2019-10-24,0.063291,0.063568,0.0566,0.059846,40098598.52536057
2019-10-25,0.059797,0.0617,0.058542,0.060184,19615162.11149427
2019-10-26,0.060184,0.078,0.059572,0.064443,38742745.21052259
2019-10-27,0.064256,0.0682,0.061551,0.062947,51414146.01468565
2019-10-28,0.062862,0.065933,0.06209,0.065259,22999196.06790938
2019-10-29,0.065263,0.0692,0.064493,0.064764,31058668.44164376
2019-10-30,0.064731,0.06987,0.064725,0.066842,26461613.14484539
2019-10-31,0.066842,0.067499,0.0627,0.064002,23703163.41939242
2019-11-01,0.063988,0.065247,0.0623,0.0651,22876626.92921616
2019-11-02,0.065203,0.0725,0.064429,0.069215,85061781.24209608
2019-11-03,0.069215,0.071861,0.06908,0.071528,23168430.6849764
2019-11-04,0.071471,0.072377,0.068031,0.068697,24387594.72298073
2019-11-05,0.068701,0.080497,0.067544,0.079496,42577287.10374112
2019-11-06,0.079496,0.09,0.077852,0.082612,197818122.08491653
2019-11-07,0.082611,0.083016,0.06672,0.077,72089310.8352441
2019-11-08,0.077,0.07701,0.072617,0.074264,47451732.3539129
2019-11-09,0.074264,0.07699,0.067999,0.071033,73158772.99648857
2019-11-10,0.071138,0.073399,0.070541,0.073119,25471567.09182794
2019-11-11,0.073258,0.0815,0.073,0.078997,64768548.20228667
2019-11-12,0.078997,0.081167,0.075865,0.079844,50620386.46986549
2019-11-13,0.080008,0.08265,0.074001,0.076792,80384527.99874258
2019-11-14,0.076792,0.077571,0.075,0.075883,72078730.18495218
2019-11-15,0.075887,0.076252,0.072117,0.074208,34648726.05391942
2019-11-16,0.074066,0.075397,0.070012,0.071805,34691637.01447211
2019-11-17,0.071965,0.072246,0.071,0.071415,19222052.1167292
2019-11-18,0.071342,0.073048,0.071193,0.071625,17361437.23183902
2019-11-19,0.071615,0.071713,0.064289,0.067007,46729901.69205908
2019-11-20,0.067004,0.067004,0.0635,0.065652,38999206.39931057
2019-11-21,0.065651,0.066239,0.063601,0.0639,24348801.19585293
2019-11-22,0.063951,0.063952,0.057001,0.060743,77005676.81493782
2019-11-23,0.060733,0.061442,0.052896,0.0595,69660109.49290733
2019-11-24,0.059524,0.06228,0.05792,0.061534,38904984.93413955
2019-11-25,0.061626,0.062,0.055242,0.055571,35135083.35299565
2019-11-26,0.055769,0.060647,0.053138,0.057392,54289245.22533965
2019-11-27,0.057457,0.069126,0.056069,0.057596,23872093.45528324
2019-11-28,0.057594,0.059622,0.054159,0.058871,31039966.8630596
2019-11-29,0.05879,0.05915,0.05751,0.058105,17545574.74813728
2019-11-30,0.058097,0.06,0.057792,0.059123,17263118.65823998
2019-12-01,0.058962,0.059347,0.056648,0.05729,16751202.71246785
2019-12-02,0.05729,0.05773,0.055209,0.057329,18804396.43232101
2019-12-03,0.057353,0.057464,0.055109,0.055869,17393589.20504577
2019-12-04,0.055869,0.056493,0.055002,0.055725,16882729.1981815
2019-12-05,0.055704,0.0582,0.053524,0.054668,25046204.18980812
2019-12-06,0.054746,0.055734,0.054001,0.055427,15058191.18826551
2019-12-07,0.055324,0.055918,0.054689,0.055568,17526062.72797638
2019-12-08,0.055534,0.056296,0.055365,0.055365,14349407.1516303
2019-12-09,0.055371,0.056,0.054831,0.055906,14977283.21261939
2019-12-10,0.055845,0.0561,0.054127,0.054697,16029988.09084627
2019-12-11,0.054605,0.054605,0.04444,0.053077,35229933.92390248
2019-12-12,0.053173,0.053734,0.05245,0.05278,17635437.01334636
2019-12-13,0.052795,0.053224,0.051262,0.051991,20907858.96867768
2019-12-14,0.051991,0.053068,0.051807,0.052771,17128071.94816874
2019-12-15,0.05277,0.052833,0.050024,0.05098,17790059.97871093
2019-12-16,0.050975,0.051512,0.050302,0.050969,10325674.57520842
2019-12-17,0.050909,0.051069,0.04658,0.046932,30655597.08940626
2019-12-18,0.046805,0.047126,0.04212,0.043217,56651485.27750756
2019-12-19,0.043288,0.047987,0.042136,0.04665,46692750.1261715
2019-12-20,0.046649,0.047202,0.044563,0.045203,27151275.43029698
2019-12-21,0.04523,0.046536,0.044745,0.046377,20933588.69930969
2019-12-22,0.046373,0.046428,0.045321,0.045439,12623205.37884083
2019-12-23,0.045439,0.047401,0.045233,0.047321,17743904.2698752
2019-12-24,0.047334,0.047755,0.044526,0.044938,20056013.37702323
2019-12-25,0.044879,0.045832,0.044425,0.045077,13053887.11991993
2019-12-26,0.045047,0.045047,0.043577,0.044368,10426541.05516669
2019-12-27,0.044395,0.045595,0.044,0.044669,14667425.75573216
2019-12-28,0.044669,0.046068,0.043928,0.045778,17690960.33580686
2019-12-29,0.045744,0.046501,0.045566,0.045846,19123174.35350877
2019-12-30,0.045854,0.04668,0.04564,0.046188,11365429.04147592
2019-12-31,0.046182,0.046777,0.045241,0.045461,12344496.09718914
2020-01-01,0.045382,0.045698,0.044501,0.044845,18465679.39424559
2020-01-02,0.044845,0.045527,0.044599,0.045113,12705164.44929456
2020-01-03,0.045078,0.045287,0.043398,0.043431,12227506.30461123
2020-01-04,0.043438,0.045695,0.043103,0.045608,16340644.2655977
2020-01-05,0.045609,0.045762,0.045101,0.045567,7744907.46918868
2020-01-06,0.045603,0.046248,0.045182,0.045495,11310643.64748067
2020-01-07,0.045446,0.050647,0.045307,0.050511,29994226.53614206
2020-01-08,0.050521,0.051299,0.047501,0.0485,31955713.94918674
2020-01-09,0.048501,0.049406,0.0468,0.04768,25494565.23407382
2020-01-10,0.047701,0.048226,0.046838,0.047158,10760611.30197226
2020-01-11,0.047157,0.048128,0.045605,0.048005,18589649.8348992
2020-01-12,0.048054,0.0495,0.04741,0.048363,23834540.06114114
2020-01-13,0.048312,0.049294,0.048084,0.049068,10564076.20513877
2020-01-14,0.049059,0.0491,0.047558,0.048048,10072632.09039384
2020-01-15,0.048182,0.055338,0.048069,0.052938,70969888.38409793
2020-01-16,0.052936,0.056968,0.051634,0.05487,64100290.02831791
2020-01-17,0.054884,0.055165,0.051936,0.053504,46509491.70118749
2020-01-18,0.053505,0.065,0.053001,0.060778,137306310.63973108
2020-01-19,0.060778,0.06627,0.0575,0.061372,91386612.44792075
2020-01-20,0.06147,0.06615,0.058221,0.060009,54183637.1200221
2020-01-21,0.060009,0.0649,0.059217,0.06263,43813983.52471618
2020-01-22,0.062624,0.064577,0.0614,0.062592,34085140.04304949
2020-01-23,0.062678,0.06366,0.060591,0.061203,24592439.97304126
2020-01-24,0.061239,0.06124,0.056629,0.05822,47134551.19077179
2020-01-25,0.05804,0.058345,0.054675,0.057044,36560840.44162675
2020-01-26,0.057067,0.057104,0.050738,0.055811,11917073.48704664
2020-01-27,0.055811,0.058598,0.05575,0.058318,16351065.50562963
2020-01-28,0.05833,0.0607,0.057527,0.059599,33430913.56994141
2020-01-29,0.059575,0.062061,0.059021,0.060678,26963573.77389915
2020-01-30,0.060692,0.063,0.060003,0.060794,32449755.13544341
2020-01-31,0.060808,0.063091,0.059618,0.062811,28308428.18214595
2020-02-01,0.062779,0.06297,0.059711,0.060505,29195412.84456329
2020-02-02,0.060531,0.062455,0.060367,0.062232,22437260.53894872
2020-02-03,0.062232,0.066052,0.060719,0.063378,43672047.09353891
2020-02-04,0.06338,0.065906,0.062481,0.064289,30364398.02149574
2020-02-05,0.064122,0.067744,0.061632,0.066285,54268798.95750184
2020-02-06,0.066232,0.069789,0.065762,0.069089,54680207.43876259
2020-02-07,0.069094,0.071897,0.067342,0.071138,48388074.85322181
2020-02-08,0.070898,0.073777,0.070539,0.071983,56769391.10616032
2020-02-09,0.071977,0.072227,0.0575,0.071005,50789024.54566664
2020-02-10,0.071,0.07399,0.070847,0.07347,42667431.01491544
2020-02-11,0.073457,0.073829,0.068391,0.070521,34789598.41897881
2020-02-12,0.07046,0.07505,0.068756,0.074056,47505840.91165761
2020-02-13,0.074299,0.082759,0.074189,0.080081,112403954.7235245
2020-02-14,0.080136,0.0885,0.0789,0.083565,110783942.09655313
2020-02-15,0.083436,0.087577,0.08,0.086887,68709378.12369758
2020-02-16,0.08698,0.08893,0.075251,0.078935,69778928.26502658
2020-02-17,0.078821,0.081543,0.06624,0.074408,87930853.49091434
2020-02-18,0.074318,0.0752,0.066995,0.072838,70554652.4078177
2020-02-19,0.072876,0.077053,0.070183,0.076129,55338495.01899334
2020-02-20,0.076052,0.079854,0.068,0.069998,63654207.03350319
2020-02-21,0.07011,0.071662,0.067223,0.070659,57973080.61904431
2020-02-22,0.070659,0.072852,0.069433,0.07104,31580558.80396429
2020-02-23,0.071063,0.071637,0.06924,0.070461,18985888.70229547
2020-02-24,0.070454,0.07344,0.070038,0.073321,20913696.74475277
2020-02-25,0.07322,0.073674,0.066902,0.069094,40412278.30471991
2020-02-26,0.069094,0.069513,0.06321,0.064094,46154447.23120211
2020-02-27,0.064112,0.064565,0.055641,0.058784,77142193.69726323
2020-02-28,0.058782,0.0631,0.056,0.060101,61630961.49504148
2020-02-29,0.060268,0.061483,0.056302,0.058456,42530222.0692966
2020-03-01,0.058412,0.059917,0.056841,0.056923,25352896.88105828
2020-03-02,0.056885,0.058531,0.054856,0.055803,42795288.95838997
2020-03-03,0.05578,0.0604,0.055532,0.059679,39042366.85558832
2020-03-04,0.059655,0.060439,0.057564,0.058222,27521819.20816017
2020-03-05,0.05823,0.059166,0.057642,0.058628,29613649.60262219
2020-03-06,0.058663,0.061063,0.058598,0.059725,37976718.04141651
2020-03-07,0.059672,0.061581,0.05924,0.061495,34120394.80033258
2020-03-08,0.061497,0.061779,0.05796,0.058462,27091659.14369213
2020-03-09,0.058422,0.058422,0.04855,0.049797,66940893.88786211
2020-03-10,0.049702,0.0525,0.046999,0.052493,74239438.96722344
2020-03-11,0.052499,0.053366,0.050704,0.051948,40294336.06335047
2020-03-12,0.052038,0.052622,0.047302,0.050375,32398385.08769902
2020-03-13,0.050375,0.050653,0.031208,0.033426,201865570.0157963
2020-03-14,0.033126,0.0492,0.026019,0.040242,223527471.67184326
2020-03-15,0.040168,0.040703,0.03616,0.036698,52672615.30163235
2020-03-16,0.036699,0.040963,0.036121,0.037792,55220178.23837167
2020-03-17,0.037807,0.037984,0.031267,0.035382,85726714.64187261
2020-03-18,0.035393,0.0385,0.03497,0.037462,49190090.21521212
2020-03-19,0.037408,0.038028,0.034243,0.037087,53086719.23194702
2020-03-20,0.037096,0.043298,0.036727,0.041514,85860335.28155063
2020-03-21,0.041506,0.04518,0.035465,0.039897,95817900.97242706
2020-03-22,0.039897,0.04098,0.038001,0.039687,31502983.89611766
2020-03-23,0.039641,0.04058,0.036502,0.036759,39808306.89788085
2020-03-24,0.036685,0.040474,0.036193,0.039529,50674818.780856
2020-03-25,0.03953,0.040745,0.039092,0.040578,47816587.26158625
2020-03-26,0.04057,0.041123,0.039105,0.040607,37213651.31873014
2020-03-27,0.040678,0.0431,0.039916,0.043018,43356784.5906405
2020-03-28,0.043018,0.043717,0.040201,0.040501,47440133.93079999
2020-03-29,0.040404,0.040816,0.038804,0.040128,35875132.47831777
2020-03-30,0.040115,0.040199,0.037726,0.037799,28685174.21248196
2020-03-31,0.037799,0.041205,0.037619,0.040057,34233408.3001695
2020-04-01,0.04006,0.041127,0.040024,0.040876,18264600.64869843
2020-04-02,0.04087,0.041999,0.038865,0.0409,26746074.5378101
2020-04-03,0.040962,0.043373,0.040509,0.041295,34385142.35782423
2020-04-04,0.041295,0.042258,0.040615,0.041417,19715807.59765366
2020-04-05,0.041416,0.0425,0.040915,0.041995,18841405.01011591
2020-04-06,0.041994,0.043654,0.041509,0.04358,30928264.84336638
2020-04-07,0.04358,0.05,0.043502,0.049999,131857884.25364982
2020-04-08,0.049946,0.051517,0.047267,0.048425,93113342.90480176
2020-04-09,0.048465,0.051592,0.048126,0.051376,58400412.50312899
2020-04-10,0.051292,0.052624,0.048765,0.052135,60703921.23693541
2020-04-11,0.052115,0.052413,0.045439,0.047787,62762859.03228967
2020-04-12,0.047761,0.05,0.047559,0.049879,48613597.24515135
2020-04-13,0.049879,0.051599,0.048523,0.048976,43232323.92846073
2020-04-14,0.048977,0.049021,0.046012,0.048292,51155911.18410228
2020-04-15,0.048304,0.049133,0.047601,0.04814,24162213.59891031
2020-04-16,0.048039,0.048747,0.04586,0.046187,29977732.0337616
2020-04-17,0.046131,0.05,0.044514,0.049247,61942770.12457376
2020-04-18,0.049247,0.05,0.048251,0.048665,24740705.36076943
2020-04-19,0.048665,0.051244,0.048665,0.0506,34901588.07802016
2020-04-20,0.0506,0.050795,0.048311,0.048889,24694172.25512359
2020-04-21,0.048889,0.0533,0.048623,0.049501,79935973.09773743
2020-04-22,0.049517,0.051934,0.04926,0.05094,38587426.55618753
2020-04-23,0.050899,0.055,0.050721,0.055,65148792.06615981
2020-04-24,0.055,0.067033,0.054999,0.062152,218761110.02340567
2020-04-25,0.062095,0.0662,0.060235,0.061186,109747718.09506162
2020-04-26,0.061188,0.0633,0.060673,0.061826,51494788.49872235
2020-04-27,0.061927,0.062986,0.060848,0.062001,51529072.17380535
2020-04-28,0.062047,0.069469,0.06128,0.067287,95704825.06324926
2020-04-29,0.067332,0.0716,0.0665,0.068724,130993449.01761086
2020-04-30,0.068723,0.073855,0.068222,0.072306,130753669.9739842
2020-05-01,0.072286,0.074736,0.065441,0.06759,131703284.33806124
2020-05-02,0.067635,0.0735,0.067603,0.072946,70196948.22833988
2020-05-03,0.072948,0.076359,0.071393,0.075695,68142236.07473706
2020-05-04,0.075639,0.077,0.071496,0.07317,70829180.79729316
2020-05-05,0.073124,0.074076,0.067165,0.073473,80358042.81682993
2020-05-06,0.073522,0.07447,0.070749,0.07224,45065157.3500835
2020-05-07,0.072217,0.073335,0.069637,0.069887,46749835.87260546
2020-05-08,0.069791,0.07358,0.068907,0.072285,64136904.65475748
2020-05-09,0.072285,0.074653,0.070506,0.072551,90349538.85161771
2020-05-10,0.072551,0.073698,0.07134,0.071418,62645148.52954528
2020-05-11,0.071407,0.071407,0.06,0.064277,140731945.12809655
2020-05-12,0.06423,0.065158,0.0605,0.062442,74347179.18591452
2020-05-13,0.062456,0.070649,0.062124,0.07026,101893253.90072784
2020-05-14,0.07025,0.071357,0.067951,0.069995,60543053.97349066
2020-05-15,0.070029,0.07076,0.068,0.069285,51270143.61627059
2020-05-16,0.069312,0.069838,0.065833,0.067296,51950816.71612855
2020-05-17,0.067271,0.068461,0.066551,0.068116,28202319.23805826
2020-05-18,0.06808,0.071784,0.0678,0.068804,36805549.77741395
2020-05-19,0.068751,0.071416,0.06862,0.070243,35668235.77662382
2020-05-20,0.070243,0.070295,0.068336,0.069786,19982416.47574138
2020-05-21,0.069761,0.072,0.0675,0.070894,54798552.8877307
2020-05-22,0.070894,0.071712,0.0642,0.066503,73725758.27280843
2020-05-23,0.066435,0.069395,0.065334,0.06813,57587696.34249624
2020-05-24,0.06813,0.069238,0.06666,0.067189,37543897.28798526
2020-05-25,0.067189,0.068242,0.063925,0.064,31552088.3541941
2020-05-26,0.064001,0.066224,0.06318,0.066224,36134528.26119956
2020-05-27,0.066228,0.066432,0.06358,0.065011,24590677.8486978
2020-05-28,0.065048,0.06759,0.064529,0.065991,35853847.64809104
2020-05-29,0.066047,0.069914,0.065668,0.069065,37909813.66805801
2020-05-30,0.069112,0.069988,0.065722,0.067833,35803676.23127995
2020-05-31,0.067832,0.073,0.0671,0.072444,63631524.57202632
2020-06-01,0.072499,0.076539,0.068853,0.070582,112367505.32727157
2020-06-02,0.070531,0.076473,0.069763,0.075818,97318402.55753167
2020-06-03,0.075741,0.084296,0.0725,0.079489,189288786.24671775
2020-06-04,0.079487,0.083361,0.076634,0.082735,92248536.56923531
2020-06-05,0.082764,0.086331,0.079162,0.081977,120068328.07933885
2020-06-06,0.081977,0.082998,0.07885,0.078922,54438285.7842804
2020-06-07,0.078916,0.081168,0.078242,0.079682,44900691.90797689
2020-06-08,0.0796,0.080673,0.075474,0.078909,48895354.69610793
2020-06-09,0.078826,0.080337,0.078013,0.080175,30830931.10529443
2020-06-10,0.080185,0.080459,0.077392,0.078177,43898406.72570094
2020-06-11,0.078155,0.079279,0.077708,0.078936,49024259.96224101
2020-06-12,0.078947,0.079312,0.069001,0.071322,121087149.61726595
2020-06-13,0.071303,0.0748,0.070673,0.072855,44118026.96921077
2020-06-14,0.072823,0.074368,0.071541,0.074101,26525058.58941279
2020-06-15,0.074115,0.074162,0.070225,0.070695,31279372.93876361
2020-06-16,0.07071,0.071767,0.0654,0.071082,87787765.2801167
2020-06-17,0.071024,0.072072,0.069853,0.071395,33379872.79420324
2020-06-18,0.071357,0.074099,0.069551,0.071801,45830090.89478489
2020-06-19,0.071815,0.072014,0.069,0.070507,31071616.27177504
2020-06-20,0.070525,0.070945,0.068431,0.069525,37696351.17049032
2020-06-21,0.069406,0.070249,0.0682,0.06979,27286867.11595653
2020-06-22,0.069799,0.070177,0.068337,0.068448,15691850.78805431
2020-06-23,0.068449,0.072,0.068379,0.071901,30697649.57199986
2020-06-24,0.071998,0.07234,0.070007,0.070926,35031287.06218234
2020-06-25,0.07092,0.072515,0.06784,0.068883,36480633.45010709
2020-06-26,0.068864,0.068952,0.065112,0.067456,36787784.06217824
2020-06-27,0.067553,0.068442,0.06591,0.066853,28797546.4550332
2020-06-28,0.06693,0.066997,0.05,0.062785,64241301.73100242
2020-06-29,0.062803,0.065015,0.061599,0.06421,30415575.95165572
2020-06-30,0.064279,0.065434,0.062838,0.065078,31362630.66001726
2020-07-01,0.065098,0.067378,0.064,0.066891,31194485.00636991
2020-07-02,0.066941,0.069438,0.066037,0.06837,31590254.64869114
2020-07-03,0.0684,0.070975,0.065609,0.06763,54622492.66980806
2020-07-04,0.06766,0.068644,0.066448,0.067086,32034817.92650218
2020-07-05,0.066987,0.068527,0.066459,0.06796,21893724.31304413
2020-07-06,0.068,0.068035,0.064846,0.067296,26997540.87323854
2020-07-07,0.067255,0.072175,0.066481,0.071658,51930163.79345979
2020-07-08,0.071656,0.074387,0.07009,0.073395,68302096.16969799
2020-07-09,0.073395,0.086,0.072416,0.085567,226746194.9557445
2020-07-10,0.085627,0.099,0.083251,0.090525,323748417.2956193
2020-07-11,0.09068,0.091,0.08228,0.08896,146605907.08131373
2020-07-12,0.089056,0.101432,0.088614,0.094218,200907676.91842082
2020-07-13,0.094058,0.097664,0.089467,0.095395,106309844.38646962
2020-07-14,0.095339,0.098196,0.086889,0.090047,116618663.56474109
2020-07-15,0.090047,0.092806,0.085027,0.092228,82524241.00182629
2020-07-16,0.092226,0.0982,0.08725,0.094311,155382937.14534223
2020-07-17,0.094324,0.104,0.088235,0.101903,186987625.3572579
2020-07-18,0.102037,0.107794,0.098422,0.103931,209155301.98244146
2020-07-19,0.103932,0.104394,0.09878,0.100872,86228531.14906476
2020-07-20,0.100857,0.102373,0.096463,0.1001,62283454.95479495
2020-07-21,0.1001,0.101915,0.093233,0.09432,75676082.1465437
2020-07-22,0.094359,0.09841,0.0939,0.096645,65804435.3636826
2020-07-23,0.096551,0.09811,0.094053,0.097655,46580207.50122845
2020-07-24,0.097539,0.101678,0.096877,0.098336,80767970.22865157
2020-07-25,0.098236,0.098347,0.094489,0.095858,45484493.89718107
2020-07-26,0.095787,0.101548,0.095186,0.100832,58727397.96225525
2020-07-27,0.10093,0.105977,0.097333,0.099118,84318642.90785499
2020-07-28,0.099206,0.100153,0.088264,0.094871,129449748.59150906
2020-07-29,0.094904,0.098609,0.093443,0.097257,63901847.20816309
2020-07-30,0.097265,0.09981,0.094541,0.095077,61796940.74444582
2020-07-31,0.09514,0.097826,0.094272,0.096409,38746667.93100208
2020-08-01,0.09641,0.097224,0.095,0.097026,40075763.31676358
2020-08-02,0.097021,0.109,0.096818,0.107762,148584168.26793233
2020-08-03,0.107628,0.116692,0.0909,0.102647,164564674.45374098
2020-08-04,0.102522,0.109256,0.10128,0.105226,74589298.53600903
2020-08-05,0.105295,0.11956,0.102448,0.110138,77206326.83690253
2020-08-06,0.110246,0.11172,0.1064,0.107609,52823478.8465424
2020-08-07,0.107517,0.1082,0.103807,0.106323,47757831.50517378
2020-08-08,0.106331,0.107945,0.099483,0.103131,57482475.77974376
2020-08-09,0.103043,0.104444,0.101361,0.103359,40846308.90473654
2020-08-10,0.103321,0.107282,0.10259,0.105237,60168938.20148701
2020-08-11,0.105146,0.106977,0.102893,0.106393,51069225.95290436
2020-08-12,0.106328,0.108471,0.09621,0.100176,75187320.93791935
2020-08-13,0.100091,0.10249,0.0955,0.101412,65796949.84330499
2020-08-14,0.101412,0.102678,0.096604,0.101314,87421277.18130974
2020-08-15,0.101252,0.10724,0.100195,0.104947,98649312.07119577
2020-08-16,0.104948,0.109408,0.10299,0.107068,104012273.65121123
2020-08-17,0.107103,0.1166,0.10375,0.115242,188462628.75895
2020-08-18,0.115411,0.11984,0.10985,0.11383,209767722.95489055
2020-08-19,0.113847,0.116899,0.105252,0.108264,101625075.24823996
2020-08-20,0.108265,0.10966,0.098625,0.102135,140168265.32936174
2020-08-21,0.10213,0.107481,0.100284,0.107353,93423890.71323793
2020-08-22,0.107353,0.109424,0.099,0.099636,138507707.58723956
2020-08-23,0.099652,0.102675,0.096957,0.10229,75567424.66068158
2020-08-24,0.102264,0.10499,0.0985,0.102879,57977694.91056395
2020-08-25,0.10288,0.1065,0.101,0.103023,60595927.86211871
2020-08-26,0.103022,0.103163,0.095079,0.097272,79947879.16818109
2020-08-27,0.097277,0.100434,0.096016,0.098051,48727630.0232876
2020-08-28,0.098152,0.098911,0.090236,0.093798,84853723.28851742
2020-08-29,0.093815,0.09674,0.092544,0.095703,44519231.16577863
2020-08-30,0.095701,0.097585,0.094449,0.09632,34365196.58606078
2020-08-31,0.096269,0.098393,0.09616,0.098204,38954301.17219168
2020-09-01,0.098124,0.0989,0.09508,0.096744,49539695.22163388
2020-09-02,0.096748,0.101318,0.09554,0.098826,64538719.34027174
2020-09-03,0.098826,0.099869,0.08803,0.09239,96263320.92583144
2020-09-04,0.092481,0.093014,0.075537,0.07798,101468702.8042858
2020-09-05,0.07825,0.08349,0.07513,0.0811,110647067.08957177
2020-09-06,0.080777,0.082994,0.072638,0.075569,88606746.55277118
2020-09-07,0.075436,0.07913,0.07209,0.077388,68047717.3700392
2020-09-08,0.07733,0.079144,0.07377,0.078622,50892512.50797129
2020-09-09,0.07878,0.079536,0.075,0.077385,58822294.71276493
2020-09-10,0.077385,0.079789,0.075515,0.078251,50702155.95796281
2020-09-11,0.078209,0.083243,0.078194,0.081145,52227712.76683943
2020-09-12,0.081225,0.084568,0.07914,0.083751,46509548.05029379
2020-09-13,0.08371,0.084741,0.0822,0.083894,33092115.60633888
2020-09-14,0.083842,0.08458,0.07911,0.080051,37205620.46587801
2020-09-15,0.07997,0.082008,0.078741,0.080175,36441965.234316
2020-09-16,0.080175,0.081532,0.07751,0.077826,41574582.61151124
2020-09-17,0.077821,0.081349,0.075,0.079946,59997395.79913149
2020-09-18,0.079993,0.082315,0.078003,0.080388,36278987.80867778
2020-09-19,0.080389,0.08068,0.0771,0.078256,48017348.49667634
2020-09-20,0.078306,0.07944,0.077061,0.078523,22503008.12392128
2020-09-21,0.078589,0.078615,0.075229,0.07689,33168976.76184438
2020-09-22,0.076844,0.077397,0.06897,0.069945,79527892.57267103
2020-09-23,0.070015,0.07225,0.06928,0.071742,37869832.50205915
2020-09-24,0.071742,0.072294,0.067002,0.06743,48122101.53241543
2020-09-25,0.06737,0.07079,0.066738,0.070513,50073438.53179684
2020-09-26,0.070513,0.075853,0.069108,0.074655,60344622.14795818
2020-09-27,0.074655,0.076402,0.072564,0.07389,24233471.50677965
2020-09-28,0.073804,0.07448,0.07123,0.073443,25696215.35357326
2020-09-29,0.073367,0.076022,0.0725,0.073206,34248958.96683737
2020-09-30,0.073161,0.074987,0.072027,0.074111,45671326.96590113
2020-10-01,0.074107,0.075051,0.07206,0.0749,35829876.3513658
2020-10-02,0.074818,0.07632,0.071338,0.073111,46822913.75164624
2020-10-03,0.073155,0.073952,0.068808,0.070941,66696739.85263315
2020-10-04,0.070952,0.07221,0.070556,0.071018,20071870.59581399
2020-10-05,0.071013,0.073419,0.070323,0.072866,22939428.45363398
2020-10-06,0.072944,0.07416,0.072317,0.073334,28953670.32294897
2020-10-07,0.073303,0.075343,0.071622,0.072332,48430366.2537991
2020-10-08,0.072433,0.073282,0.070575,0.072253,28156637.09190328
2020-10-09,0.072335,0.073456,0.07,0.073116,30844909.52042287
2020-10-10,0.073172,0.0759,0.07242,0.075076,33793883.91334297
2020-10-11,0.075004,0.078501,0.075004,0.077313,37650741.68832336
2020-10-12,0.077273,0.078862,0.076736,0.077131,24752267.01076687
2020-10-13,0.077204,0.079291,0.076003,0.077671,31664964.49131575
2020-10-14,0.07752,0.07762,0.07527,0.076463,22418441.65257677
2020-10-15,0.076463,0.076839,0.0735,0.074105,23463466.41278902
2020-10-16,0.074098,0.07445,0.0718,0.074129,29189933.69778923
2020-10-17,0.074083,0.079293,0.07205,0.079293,70006977.08802085
2020-10-18,0.079293,0.08432,0.077634,0.081606,135299136.75787592
2020-10-19,0.081529,0.08219,0.07917,0.079426,49331071.89685702
2020-10-20,0.079468,0.08748,0.079387,0.085177,118544595.02267131
2020-10-21,0.085189,0.086852,0.0805,0.080918,62990897.49907912
2020-10-22,0.080917,0.087,0.080452,0.083896,75569274.99455856
2020-10-23,0.083825,0.087925,0.083712,0.085586,64999160.69980574
2020-10-24,0.085637,0.08647,0.08272,0.083795,38148046.13991211
2020-10-25,0.083774,0.086291,0.083381,0.085753,25470740.56652726
2020-10-26,0.085634,0.08589,0.082125,0.083177,28068096.00828305
2020-10-27,0.083161,0.084586,0.079856,0.081261,44233041.87422543
2020-10-28,0.081147,0.083355,0.08091,0.081993,43337130.12019496
2020-10-29,0.081499,0.082252,0.077413,0.078369,48379508.49394152
2020-10-30,0.07829,0.07905,0.0754,0.077573,46336344.66215795
2020-10-31,0.077649,0.078667,0.074457,0.076819,39059481.55967712
2020-11-01,0.076786,0.079832,0.076605,0.077821,37690749.59359116
2020-11-02,0.077751,0.07872,0.076485,0.078676,21370149.00651413
2020-11-03,0.078674,0.079519,0.075417,0.075672,39034952.09648254
2020-11-04,0.075594,0.076298,0.073144,0.075476,45881521.06274248
2020-11-05,0.075464,0.07578,0.07263,0.074609,33944001.98396115
2020-11-06,0.074667,0.082621,0.07337,0.08043,82708518.34106706
2020-11-07,0.080477,0.085601,0.080341,0.084048,88957031.01030967
2020-11-08,0.084028,0.086605,0.078,0.079675,120801549.04203634
2020-11-09,0.07962,0.083,0.07879,0.08147,46802574.46350493
2020-11-10,0.081498,0.08223,0.07803,0.079779,62929059.29623649
2020-11-11,0.079741,0.0825,0.079162,0.079662,53574749.67837145
2020-11-12,0.079713,0.082335,0.079601,0.080465,44188059.24777186
2020-11-13,0.080457,0.081119,0.079012,0.080638,34500489.73245658
2020-11-14,0.080674,0.082719,0.07994,0.082516,51501857.85966308
2020-11-15,0.082508,0.08445,0.08058,0.081112,51710841.90942735
2020-11-16,0.08117,0.08222,0.078909,0.080092,37294225.46371743
2020-11-17,0.08016,0.082979,0.079331,0.082513,54236549.23480489
2020-11-18,0.082556,0.088659,0.082359,0.086517,133017826.66826046
2020-11-19,0.086561,0.08703,0.081012,0.083671,91364453.08008678
2020-11-20,0.083781,0.0865,0.08148,0.084014,75663282.9054798
2020-11-21,0.084074,0.088666,0.08381,0.08857,95050993.76961045
2020-11-22,0.088598,0.11,0.088374,0.109336,414799652.2914378
2020-11-23,0.109221,0.114999,0.096015,0.10446,347679672.964633
2020-11-24,0.104514,0.135,0.10133,0.132323,438974942.0360993
2020-11-25,0.132506,0.199,0.130528,0.19655,1719427000.606033
2020-11-26,0.196277,0.236,0.181,0.193074,1240189460.1855466
2020-11-27,0.19298,0.205008,0.145,0.168666,953080982.300395
2020-11-28,0.168623,0.207499,0.162796,0.206777,741965925.868364
2020-11-29,0.206777,0.2231,0.195,0.200096,600098844.2924094
2020-11-30,0.200009,0.203372,0.18693,0.194349,242626667.21370646
2020-12-01,0.19433,0.2073,0.18908,0.202985,302377545.1709592
2020-12-02,0.202986,0.20459,0.172541,0.183804,274731067.51542115
2020-12-03,0.183804,0.18891,0.177216,0.185451,166947976.9502055
2020-12-04,0.185302,0.189979,0.17977,0.184433,131178796.45705938
2020-12-05,0.184404,0.18865,0.157872,0.161454,266465003.57035205
2020-12-06,0.161431,0.176582,0.15916,0.171982,130019478.28506957
2020-12-07,0.171985,0.180411,0.16719,0.175906,136635614.57694077
2020-12-08,0.17602,0.176415,0.164111,0.168103,97155649.00015184
2020-12-09,0.167989,0.16859,0.148387,0.15243,186446717.7846143
2020-12-10,0.152552,0.175,0.13948,0.171983,422302656.0816242
2020-12-11,0.172119,0.17779,0.160001,0.160755,272995883.71115786
2020-12-12,0.160791,0.164572,0.150001,0.150971,227532955.5714598
2020-12-13,0.150952,0.17,0.149142,0.158863,146330243.38177297
2020-12-14,0.15899,0.179909,0.155551,0.176009,221337979.66054007
2020-12-15,0.175982,0.178612,0.166635,0.170227,148135051.70625347
2020-12-16,0.170109,0.176966,0.164469,0.166078,121511780.8288211
2020-12-17,0.166206,0.1948,0.159001,0.193504,320436890.0061502
2020-12-18,0.193386,0.209,0.17801,0.186366,461176912.8834101
2020-12-19,0.186462,0.190182,0.176999,0.185425,162074363.15101472
2020-12-20,0.185473,0.188551,0.179441,0.181631,125187100.2583008
2020-12-21,0.181734,0.182655,0.173609,0.176633,127832281.55152804
2020-12-22,0.176583,0.1804,0.15873,0.165169,160302547.02289847
2020-12-23,0.165244,0.170361,0.153223,0.162066,257487334.54983336
2020-12-24,0.162205,0.162205,0.10868,0.126697,746865926.5858836
2020-12-25,0.126825,0.167812,0.12301,0.158101,723135134.9538022
2020-12-26,0.1583,0.166916,0.122,0.152359,334009393.33791405
2020-12-27,0.152457,0.15551,0.143698,0.146788,202327989.61266452
2020-12-28,0.1467,0.15551,0.1341,0.145006,297668250.92483646
2020-12-29,0.145123,0.154679,0.1411,0.144165,217860378.33602816
2020-12-30,0.144262,0.148968,0.127435,0.138206,392301539.6901768
2020-12-31,0.138293,0.139316,0.1228,0.131915,261823812.75959313
2021-01-01,0.131856,0.13264,0.12276,0.127627,239357608.84788314
